PRAGMA foreign_keys=OFF;
BEGIN TRANSACTION;
CREATE TABLE IF NOT EXISTS "django_migrations" ("id" integer NOT NULL PRIMARY KEY AUTOINCREMENT, "app" varchar(255) NOT NULL, "name" varchar(255) NOT NULL, "applied" datetime NOT NULL);
INSERT INTO django_migrations VALUES(1,'contenttypes','0001_initial','2019-10-01 12:18:23.283174');
INSERT INTO django_migrations VALUES(2,'auth','0001_initial','2019-10-01 12:18:23.297789');
INSERT INTO django_migrations VALUES(3,'admin','0001_initial','2019-10-01 12:18:23.307731');
INSERT INTO django_migrations VALUES(4,'admin','0002_logentry_remove_auto_add','2019-10-01 12:18:23.319018');
INSERT INTO django_migrations VALUES(5,'admin','0003_logentry_add_action_flag_choices','2019-10-01 12:18:23.338260');
INSERT INTO django_migrations VALUES(6,'contenttypes','0002_remove_content_type_name','2019-10-01 12:18:23.355755');
INSERT INTO django_migrations VALUES(7,'auth','0002_alter_permission_name_max_length','2019-10-01 12:18:23.361850');
INSERT INTO django_migrations VALUES(8,'auth','0003_alter_user_email_max_length','2019-10-01 12:18:23.371300');
INSERT INTO django_migrations VALUES(9,'auth','0004_alter_user_username_opts','2019-10-01 12:18:23.380817');
INSERT INTO django_migrations VALUES(10,'auth','0005_alter_user_last_login_null','2019-10-01 12:18:23.390930');
INSERT INTO django_migrations VALUES(11,'auth','0006_require_contenttypes_0002','2019-10-01 12:18:23.392417');
INSERT INTO django_migrations VALUES(12,'auth','0007_alter_validators_add_error_messages','2019-10-01 12:18:23.400643');
INSERT INTO django_migrations VALUES(13,'auth','0008_alter_user_username_max_length','2019-10-01 12:18:23.409379');
INSERT INTO django_migrations VALUES(14,'auth','0009_alter_user_last_name_max_length','2019-10-01 12:18:23.417992');
INSERT INTO django_migrations VALUES(15,'auth','0010_alter_group_name_max_length','2019-10-01 12:18:23.425229');
INSERT INTO django_migrations VALUES(16,'auth','0011_update_proxy_permissions','2019-10-01 12:18:23.431679');
INSERT INTO django_migrations VALUES(17,'posts','0001_initial','2019-10-01 12:18:23.438923');
INSERT INTO django_migrations VALUES(18,'sessions','0001_initial','2019-10-01 12:18:23.442040');
INSERT INTO django_migrations VALUES(19,'group','0001_initial','2020-02-25 19:28:37.226110');
INSERT INTO django_migrations VALUES(20,'posts','0002_post_group','2020-02-25 19:28:37.258093');
INSERT INTO django_migrations VALUES(21,'group','0002_auto_20200226_1607','2020-02-26 12:07:15.643264');
INSERT INTO django_migrations VALUES(22,'posts','0003_auto_20200302_2210','2020-03-02 18:10:15.840975');
INSERT INTO django_migrations VALUES(23,'sites','0001_initial','2020-03-17 18:43:33.421470');
INSERT INTO django_migrations VALUES(24,'flatpages','0001_initial','2020-03-17 18:43:33.439455');
INSERT INTO django_migrations VALUES(25,'sites','0002_alter_domain_unique','2020-03-17 18:43:33.461375');
INSERT INTO django_migrations VALUES(26,'thumbnail','0001_initial','2020-03-30 14:36:14.324010');
INSERT INTO django_migrations VALUES(27,'posts','0004_post_image','2020-03-30 14:56:56.309624');
INSERT INTO django_migrations VALUES(28,'posts','0005_comment','2020-03-31 18:22:41.657766');
INSERT INTO django_migrations VALUES(29,'posts','0006_auto_20200402_2155','2020-04-02 17:55:35.937929');
INSERT INTO django_migrations VALUES(30,'posts','0007_auto_20200402_2215','2020-04-02 18:15:17.486038');
INSERT INTO django_migrations VALUES(31,'posts','0008_auto_20200405_1100','2020-04-05 07:00:49.960556');
INSERT INTO django_migrations VALUES(32,'posts','0009_auto_20200411_2316','2020-04-11 19:16:30.312705');
INSERT INTO django_migrations VALUES(33,'posts','0010_article_post','2020-04-12 07:20:12.818670');
INSERT INTO django_migrations VALUES(34,'posts','0011_auto_20200412_1839','2020-04-12 14:46:33.103259');
INSERT INTO django_migrations VALUES(35,'authtoken','0001_initial','2020-05-16 08:45:41.725367');
INSERT INTO django_migrations VALUES(36,'authtoken','0002_auto_20160226_1747','2020-05-16 08:45:41.817337');
CREATE TABLE IF NOT EXISTS "auth_group_permissions" ("id" integer NOT NULL PRIMARY KEY AUTOINCREMENT, "group_id" integer NOT NULL REFERENCES "auth_group" ("id") DEFERRABLE INITIALLY DEFERRED, "permission_id" integer NOT NULL REFERENCES "auth_permission" ("id") DEFERRABLE INITIALLY DEFERRED);
CREATE TABLE IF NOT EXISTS "auth_user_groups" ("id" integer NOT NULL PRIMARY KEY AUTOINCREMENT, "user_id" integer NOT NULL REFERENCES "auth_user" ("id") DEFERRABLE INITIALLY DEFERRED, "group_id" integer NOT NULL REFERENCES "auth_group" ("id") DEFERRABLE INITIALLY DEFERRED);
CREATE TABLE IF NOT EXISTS "auth_user_user_permissions" ("id" integer NOT NULL PRIMARY KEY AUTOINCREMENT, "user_id" integer NOT NULL REFERENCES "auth_user" ("id") DEFERRABLE INITIALLY DEFERRED, "permission_id" integer NOT NULL REFERENCES "auth_permission" ("id") DEFERRABLE INITIALLY DEFERRED);
CREATE TABLE IF NOT EXISTS "django_content_type" ("id" integer NOT NULL PRIMARY KEY AUTOINCREMENT, "app_label" varchar(100) NOT NULL, "model" varchar(100) NOT NULL);
INSERT INTO django_content_type VALUES(1,'posts','post');
INSERT INTO django_content_type VALUES(2,'admin','logentry');
INSERT INTO django_content_type VALUES(3,'auth','permission');
INSERT INTO django_content_type VALUES(4,'auth','group');
INSERT INTO django_content_type VALUES(5,'auth','user');
INSERT INTO django_content_type VALUES(6,'contenttypes','contenttype');
INSERT INTO django_content_type VALUES(7,'sessions','session');
INSERT INTO django_content_type VALUES(8,'group','group');
INSERT INTO django_content_type VALUES(9,'sites','site');
INSERT INTO django_content_type VALUES(10,'flatpages','flatpage');
INSERT INTO django_content_type VALUES(11,'thumbnail','kvstore');
INSERT INTO django_content_type VALUES(12,'posts','comment');
INSERT INTO django_content_type VALUES(13,'posts','follow');
INSERT INTO django_content_type VALUES(14,'posts','article');
INSERT INTO django_content_type VALUES(15,'authtoken','token');
CREATE TABLE IF NOT EXISTS "auth_permission" ("id" integer NOT NULL PRIMARY KEY AUTOINCREMENT, "content_type_id" integer NOT NULL REFERENCES "django_content_type" ("id") DEFERRABLE INITIALLY DEFERRED, "codename" varchar(100) NOT NULL, "name" varchar(255) NOT NULL);
INSERT INTO auth_permission VALUES(1,1,'add_post','Can add post');
INSERT INTO auth_permission VALUES(2,1,'change_post','Can change post');
INSERT INTO auth_permission VALUES(3,1,'delete_post','Can delete post');
INSERT INTO auth_permission VALUES(4,1,'view_post','Can view post');
INSERT INTO auth_permission VALUES(5,2,'add_logentry','Can add log entry');
INSERT INTO auth_permission VALUES(6,2,'change_logentry','Can change log entry');
INSERT INTO auth_permission VALUES(7,2,'delete_logentry','Can delete log entry');
INSERT INTO auth_permission VALUES(8,2,'view_logentry','Can view log entry');
INSERT INTO auth_permission VALUES(9,3,'add_permission','Can add permission');
INSERT INTO auth_permission VALUES(10,3,'change_permission','Can change permission');
INSERT INTO auth_permission VALUES(11,3,'delete_permission','Can delete permission');
INSERT INTO auth_permission VALUES(12,3,'view_permission','Can view permission');
INSERT INTO auth_permission VALUES(13,4,'add_group','Can add group');
INSERT INTO auth_permission VALUES(14,4,'change_group','Can change group');
INSERT INTO auth_permission VALUES(15,4,'delete_group','Can delete group');
INSERT INTO auth_permission VALUES(16,4,'view_group','Can view group');
INSERT INTO auth_permission VALUES(17,5,'add_user','Can add user');
INSERT INTO auth_permission VALUES(18,5,'change_user','Can change user');
INSERT INTO auth_permission VALUES(19,5,'delete_user','Can delete user');
INSERT INTO auth_permission VALUES(20,5,'view_user','Can view user');
INSERT INTO auth_permission VALUES(21,6,'add_contenttype','Can add content type');
INSERT INTO auth_permission VALUES(22,6,'change_contenttype','Can change content type');
INSERT INTO auth_permission VALUES(23,6,'delete_contenttype','Can delete content type');
INSERT INTO auth_permission VALUES(24,6,'view_contenttype','Can view content type');
INSERT INTO auth_permission VALUES(25,7,'add_session','Can add session');
INSERT INTO auth_permission VALUES(26,7,'change_session','Can change session');
INSERT INTO auth_permission VALUES(27,7,'delete_session','Can delete session');
INSERT INTO auth_permission VALUES(28,7,'view_session','Can view session');
INSERT INTO auth_permission VALUES(29,8,'add_group','Can add group');
INSERT INTO auth_permission VALUES(30,8,'change_group','Can change group');
INSERT INTO auth_permission VALUES(31,8,'delete_group','Can delete group');
INSERT INTO auth_permission VALUES(32,8,'view_group','Can view group');
INSERT INTO auth_permission VALUES(33,9,'add_site','Can add site');
INSERT INTO auth_permission VALUES(34,9,'change_site','Can change site');
INSERT INTO auth_permission VALUES(35,9,'delete_site','Can delete site');
INSERT INTO auth_permission VALUES(36,9,'view_site','Can view site');
INSERT INTO auth_permission VALUES(37,10,'add_flatpage','Can add flat page');
INSERT INTO auth_permission VALUES(38,10,'change_flatpage','Can change flat page');
INSERT INTO auth_permission VALUES(39,10,'delete_flatpage','Can delete flat page');
INSERT INTO auth_permission VALUES(40,10,'view_flatpage','Can view flat page');
INSERT INTO auth_permission VALUES(41,11,'add_kvstore','Can add kv store');
INSERT INTO auth_permission VALUES(42,11,'change_kvstore','Can change kv store');
INSERT INTO auth_permission VALUES(43,11,'delete_kvstore','Can delete kv store');
INSERT INTO auth_permission VALUES(44,11,'view_kvstore','Can view kv store');
INSERT INTO auth_permission VALUES(45,12,'add_comment','Can add comment');
INSERT INTO auth_permission VALUES(46,12,'change_comment','Can change comment');
INSERT INTO auth_permission VALUES(47,12,'delete_comment','Can delete comment');
INSERT INTO auth_permission VALUES(48,12,'view_comment','Can view comment');
INSERT INTO auth_permission VALUES(49,13,'add_follow','Can add follow');
INSERT INTO auth_permission VALUES(50,13,'change_follow','Can change follow');
INSERT INTO auth_permission VALUES(51,13,'delete_follow','Can delete follow');
INSERT INTO auth_permission VALUES(52,13,'view_follow','Can view follow');
INSERT INTO auth_permission VALUES(53,14,'add_article','Can add article');
INSERT INTO auth_permission VALUES(54,14,'change_article','Can change article');
INSERT INTO auth_permission VALUES(55,14,'delete_article','Can delete article');
INSERT INTO auth_permission VALUES(56,14,'view_article','Can view article');
INSERT INTO auth_permission VALUES(57,15,'add_token','Can add Token');
INSERT INTO auth_permission VALUES(58,15,'change_token','Can change Token');
INSERT INTO auth_permission VALUES(59,15,'delete_token','Can delete Token');
INSERT INTO auth_permission VALUES(60,15,'view_token','Can view Token');
CREATE TABLE IF NOT EXISTS "auth_user" ("id" integer NOT NULL PRIMARY KEY AUTOINCREMENT, "password" varchar(128) NOT NULL, "last_login" datetime NULL, "is_superuser" bool NOT NULL, "username" varchar(150) NOT NULL UNIQUE, "first_name" varchar(30) NOT NULL, "email" varchar(254) NOT NULL, "is_staff" bool NOT NULL, "is_active" bool NOT NULL, "date_joined" datetime NOT NULL, "last_name" varchar(150) NOT NULL);
INSERT INTO auth_user VALUES(2,'august',NULL,0,'leo','Лев','ln@yasnaya.polyana',0,1,'2019-10-05 21:37:36.487416','Толстой');
INSERT INTO auth_user VALUES(3,'pbkdf2_sha256$150000$X3rAAzWteMp5$obbasOKC7K2062xb0lEJjLQhMjVbtXFLN5zt88unHJQ=','2020-04-13 17:18:27.324473',1,'admin','','sag163@mail.ru',1,1,'2020-02-26 11:12:56.619335','');
INSERT INTO auth_user VALUES(4,'pbkdf2_sha256$150000$9G9zxAkqSudM$QfelryMBVVebKNX7vR2FVZztmCHPKGhS0KbRtFHuN10=','2020-03-07 16:43:27.065344',0,'IVAN163','Иван','sag163zh@yandex.ru',0,1,'2020-03-07 07:44:46.037325','Иванов');
INSERT INTO auth_user VALUES(5,'pbkdf2_sha256$150000$nOW7VkiWUW0H$5Hi7P/Df3uTzDb88oCBrua6G8QxBcqScImM9wYIjm1U=',NULL,0,'TOM','Tom','flexiblehind@mail.ru',0,1,'2020-03-07 14:46:22.960139','Soyer');
INSERT INTO auth_user VALUES(6,'pbkdf2_sha256$150000$lirpmmDWtMmK$LPIBv6UJQ13DWTygutcpLCRECuck+nJ4IAlh6q8Ulqk=','2020-03-07 14:51:22.469958',0,'Сергей','Сергей','sag163@mail.ru',0,1,'2020-03-07 14:49:09.436456','Жирнов');
INSERT INTO auth_user VALUES(7,'pbkdf2_sha256$150000$8mYcTBHJpuuu$YT0jxoJ2x+GdPwm24FM+oW1L5dqcAsrlTJ9bUkWizMA=','2020-04-13 17:22:10.361870',0,'kira','Кирилл','kira163@mail.ru',0,1,'2020-03-10 12:52:30.541834','Ненашев');
INSERT INTO auth_user VALUES(8,'pbkdf2_sha256$150000$YVmmkszghRtn$1UIyqKcaeavb0fGs5CZCTM0E8Cf6sI4Tm45CvKqwAeM=','2020-04-06 07:55:17.338108',0,'Misha','Михаил','misha@mail.ru',0,1,'2020-03-22 17:57:20.618764','Лермонтов');
INSERT INTO auth_user VALUES(9,'pbkdf2_sha256$150000$uJu9QcEPrS5K$Ghjgvn0EavWUWihge2oan2almUyte6c/En0fZayp5Z8=','2020-03-27 15:03:38.310684',0,'test','','test@test.ru',0,1,'2020-03-27 15:03:27.491135','');
INSERT INTO auth_user VALUES(10,'pbkdf2_sha256$150000$WEHvMo8PD12F$9kX5a9jvrT5jTrbtbDAG1WoqKXQkcF7Tc/z8d3SY7IU=','2020-04-07 17:20:34.374330',0,'Valera','Валерий','valera@mail.ru',0,1,'2020-04-07 17:17:27.631385','Валерьев');
INSERT INTO auth_user VALUES(11,'pbkdf2_sha256$150000$8xqUp0AlRhwP$mWBbpDwQ6U2zP/f4G9x17V5EXySESRw8/I72uwVfMfc=',NULL,0,'Artem','Артем','artem@mail.ru',0,1,'2020-04-07 17:30:21.628935','Кривой');
INSERT INTO auth_user VALUES(12,'pbkdf2_sha256$150000$WtM9A0SUKKZi$J3nilfRhpShd8SeTzOVlVsfYl8SseY6y9dN/s6zVlrs=','2020-04-13 12:19:24.559439',0,'Flexiblehind','Алина','flexiblehind@mail.ru',0,1,'2020-04-13 12:19:00.907845','Жирнова');
INSERT INTO auth_user VALUES(13,'pbkdf2_sha256$150000$xvdoqXw6NCuZ$LsvVOg5W3cP/wHx9RiSV25MTmFVzeZXsYUsU1IAhdg0=','2020-04-13 17:10:51.287523',0,'igor_ariskin','Игорь','',0,1,'2020-04-13 17:10:29.323828','Арискин');
INSERT INTO auth_user VALUES(14,'pbkdf2_sha256$150000$hxRpq58eyDdC$mJ3Z6rUdn0crAYqNuTqLXG0zDdqQOkb+I0CdxpZDOMQ=','2020-04-13 18:05:10.669079',0,'Kembrik','Андрю','andreymalikin@yandex.ru',0,1,'2020-04-13 18:04:52.705341','Маликэн');
INSERT INTO auth_user VALUES(15,'pbkdf2_sha256$150000$3uwxAVzIvrSq$hqaEHjmmSc7z1xVl3PyfFIqhQlkN2Zz7wBthrCAYYN4=','2020-04-13 18:08:18.191374',0,'grem','Сергей','icgrem@gmail.com',0,1,'2020-04-13 18:07:58.943285','Петухов');
INSERT INTO auth_user VALUES(16,'pbkdf2_sha256$150000$dktUPgMYed7c$4UoXVIM8SuhesGDHHomSwCjK4fHODPSzJE2ybOmMNAM=','2020-04-13 18:20:56.434049',0,'Serg','Иван','',0,1,'2020-04-13 18:20:49.129845','Soyer');
CREATE TABLE IF NOT EXISTS "auth_group" ("id" integer NOT NULL PRIMARY KEY AUTOINCREMENT, "name" varchar(150) NOT NULL UNIQUE);
INSERT INTO auth_group VALUES(1,'group1');
CREATE TABLE IF NOT EXISTS "django_session" ("session_key" varchar(40) NOT NULL PRIMARY KEY, "session_data" text NOT NULL, "expire_date" datetime NOT NULL);
INSERT INTO django_session VALUES('ato0m5lc3spy8mmch26je2xb7euy0zv8','NjJhNWI0NTVlYzY3MjM2ZDE5Yjg4YzY1MWUzYWFjZDVjNjA5NzY0Zjp7Il9hdXRoX3VzZXJfaWQiOiIxIiwiX2F1dGhfdXNlcl9iYWNrZW5kIjoiZGphbmdvLmNvbnRyaWIuYXV0aC5iYWNrZW5kcy5Nb2RlbEJhY2tlbmQiLCJfYXV0aF91c2VyX2hhc2giOiI1ZjEyMzk4OWFhN2VlODQ5MDNiMmUyYmUxNGE5MjU2MjJiNGJhYzI4In0=','2019-10-15 14:42:37.187777');
INSERT INTO django_session VALUES('s1rimgv2ijngb2hmpmn1ly2t7978nnqo','MzdkY2VhOGU1NjkyZmMzYTgxMmE1NTJlNGVlZGM2MDM2MzkwNjkwYzp7Il9hdXRoX3VzZXJfaWQiOiI2IiwiX2F1dGhfdXNlcl9iYWNrZW5kIjoiZGphbmdvLmNvbnRyaWIuYXV0aC5iYWNrZW5kcy5Nb2RlbEJhY2tlbmQiLCJfYXV0aF91c2VyX2hhc2giOiJjZWM2MWRmMzAwNzM0YTEwMzhhNTg5NzIyOGY2OTk5ZTdiZjE1MDFjIn0=','2020-03-21 14:49:12.883956');
INSERT INTO django_session VALUES('8m9v1epgsv39trm0ongyiqjp68mrtp2f','YTFkZjc2MDJiM2VjY2FiMDFjZTZlOTgxNjJiMmY1N2YxM2ZmYWVlODp7Il9hdXRoX3VzZXJfaWQiOiI5IiwiX2F1dGhfdXNlcl9iYWNrZW5kIjoiZGphbmdvLmNvbnRyaWIuYXV0aC5iYWNrZW5kcy5Nb2RlbEJhY2tlbmQiLCJfYXV0aF91c2VyX2hhc2giOiI4MjRmYTVlMDM2MmU1MDE1YzhkMTg5Njg2NGU4ZDg2MWE0ZDNlNjY2In0=','2020-04-10 15:03:38.360654');
INSERT INTO django_session VALUES('f5rqe0z97x1dql518k22ej6rwg1qxi10','ZmVjYTQ4NjJlM2UyZGE3NmIzYjQ3OWY1M2JhOTBjMWU2NjliOWU4OTp7Il9hdXRoX3VzZXJfaWQiOiIxMiIsIl9hdXRoX3VzZXJfYmFja2VuZCI6ImRqYW5nby5jb250cmliLmF1dGguYmFja2VuZHMuTW9kZWxCYWNrZW5kIiwiX2F1dGhfdXNlcl9oYXNoIjoiNGJmYmU4NzcxNzEwZjkwMjMwODU5MWY1MjJjNWU5OWNkOTE1Y2Q2YSJ9','2020-04-27 12:19:24.662958');
INSERT INTO django_session VALUES('2sd02ds5rj1m9ksmhbsw16j3gma6yfos','NTFlYTlmNzczYjM2NzM5ZGRhMmZkMzI1YmZhMjVmODg1ZjNhMDUxMTp7Il9hdXRoX3VzZXJfaWQiOiIxMyIsIl9hdXRoX3VzZXJfYmFja2VuZCI6ImRqYW5nby5jb250cmliLmF1dGguYmFja2VuZHMuTW9kZWxCYWNrZW5kIiwiX2F1dGhfdXNlcl9oYXNoIjoiZDZjNWI4MGUyOTQ2NmQ4NjVkNTc0NWMyZTM0MWZjZjYwMzg0NTNlMSJ9','2020-04-27 17:10:51.397454');
INSERT INTO django_session VALUES('sifgajhkckmfm18g7ybge8nntvra3ca0','OWY2NmE3MmE2YjJkMzg1YmU0ZDkyMTdlMzA0MmY5YmU3NzdkMDQxMTp7Il9hdXRoX3VzZXJfaWQiOiI3IiwiX2F1dGhfdXNlcl9iYWNrZW5kIjoiZGphbmdvLmNvbnRyaWIuYXV0aC5iYWNrZW5kcy5Nb2RlbEJhY2tlbmQiLCJfYXV0aF91c2VyX2hhc2giOiJhZjAyMTM3Y2Q4YzI4NmY1YTk4YmEyOThjNjYyZGY0YjAyZTQ3ODZhIn0=','2020-04-27 17:22:10.450398');
INSERT INTO django_session VALUES('c54efwftd3jhnpm4ykw559haj1irpg1h','ZDhiMjFkNzY3ODFjNTAzODQ3NTI0MWNhNzE0ZDUzZjE4YWQ1NmFiYzp7Il9hdXRoX3VzZXJfaWQiOiIxNCIsIl9hdXRoX3VzZXJfYmFja2VuZCI6ImRqYW5nby5jb250cmliLmF1dGguYmFja2VuZHMuTW9kZWxCYWNrZW5kIiwiX2F1dGhfdXNlcl9oYXNoIjoiZTQ0NTlhMWNiZjdhODRmNDEwZTIyNDJhMWMxOTdhZTNmOGI1MzkyNCJ9','2020-04-27 18:05:10.773014');
INSERT INTO django_session VALUES('rxzjucgka3kjsjcw2vjrqfb02cp1hmdo','YjhkMTA4MzNhZGI5ODgwYjIzMDBkOTU2NTcwNzY4ZWJkMTZjYmJhMjp7Il9hdXRoX3VzZXJfaWQiOiIxNSIsIl9hdXRoX3VzZXJfYmFja2VuZCI6ImRqYW5nby5jb250cmliLmF1dGguYmFja2VuZHMuTW9kZWxCYWNrZW5kIiwiX2F1dGhfdXNlcl9oYXNoIjoiYzExYzM2NzEyNjczN2UzYTM3YTNjNzEzMTU4NzEyZmEwMWQ4MGMxZCJ9','2020-04-27 18:08:18.372264');
INSERT INTO django_session VALUES('yexw7k9etdlmjqoxk8fwr1qrqmvlfl5r','NjI0Zjk5NzI2Mzc2ZjEwNzViODI5Mzk3ZGQzOWVmYzViMWMxYWIyNjp7Il9hdXRoX3VzZXJfaWQiOiIxNiIsIl9hdXRoX3VzZXJfYmFja2VuZCI6ImRqYW5nby5jb250cmliLmF1dGguYmFja2VuZHMuTW9kZWxCYWNrZW5kIiwiX2F1dGhfdXNlcl9oYXNoIjoiNmIwYTEzZjdiOTc2MzZlMTBjOTE1Y2YxOTc3OWU0MDZhODYxMzM0ZiJ9','2020-04-27 18:20:56.640922');
CREATE TABLE IF NOT EXISTS "group_group" ("id" integer NOT NULL PRIMARY KEY AUTOINCREMENT, "slug" varchar(50) NOT NULL UNIQUE, "description" text NOT NULL, "title" varchar(200) NOT NULL);
INSERT INTO group_group VALUES(1,'gr1','bla bla bla','group1');
INSERT INTO group_group VALUES(2,'poem','Тут будут стихи','Стихотворение');
INSERT INTO group_group VALUES(3,'quest','Это группа для гостей моего блога','Посты от гостей');
CREATE TABLE IF NOT EXISTS "django_admin_log" ("id" integer NOT NULL PRIMARY KEY AUTOINCREMENT, "action_time" datetime NOT NULL, "object_id" text NULL, "object_repr" varchar(200) NOT NULL, "action_flag" smallint unsigned NOT NULL CHECK ("action_flag" >= 0), "change_message" text NOT NULL, "content_type_id" integer NULL REFERENCES "django_content_type" ("id") DEFERRABLE INITIALLY DEFERRED, "user_id" integer NOT NULL REFERENCES "auth_user" ("id") DEFERRABLE INITIALLY DEFERRED);
INSERT INTO django_admin_log VALUES(1,'2020-02-26 14:10:33.000704','1','group1',1,'[{"added": {}}]',4,3);
INSERT INTO django_admin_log VALUES(2,'2020-02-26 14:19:37.668453','1','Group object (1)',1,'[{"added": {}}]',8,3);
INSERT INTO django_admin_log VALUES(3,'2020-02-26 14:19:56.789359','38','Post object (38)',1,'[{"added": {}}]',1,3);
INSERT INTO django_admin_log VALUES(4,'2020-03-11 18:54:22.591466','2','Group object (2)',1,'[{"added": {}}]',8,3);
INSERT INTO django_admin_log VALUES(5,'2020-03-17 18:55:41.878550','1','/contacts/ -- Контактная информация',1,'[{"added": {}}]',10,3);
INSERT INTO django_admin_log VALUES(6,'2020-03-17 18:56:45.686088','1','/contacts/ -- Контактная информация',2,'[{"changed": {"fields": ["content"]}}]',10,3);
INSERT INTO django_admin_log VALUES(7,'2020-03-17 19:17:38.822270','2','/about-author/ -- «Об авторе»',1,'[{"added": {}}]',10,3);
INSERT INTO django_admin_log VALUES(8,'2020-03-17 19:18:30.515884','2','/about-author/ -- «Об авторе»',2,'[{"changed": {"fields": ["content"]}}]',10,3);
INSERT INTO django_admin_log VALUES(9,'2020-03-17 19:18:50.814358','2','/about-author/ -- «Об авторе»',2,'[{"changed": {"fields": ["content"]}}]',10,3);
INSERT INTO django_admin_log VALUES(10,'2020-03-17 19:39:07.933158','2','/about-author/ -- «Об авторе»',2,'[]',10,3);
INSERT INTO django_admin_log VALUES(11,'2020-03-17 19:41:42.590556','3','/about-spec/ -- Технологии',1,'[{"added": {}}]',10,3);
INSERT INTO django_admin_log VALUES(12,'2020-03-17 19:43:03.759815','3','/about-spec/ -- Технологии',2,'[{"changed": {"fields": ["content"]}}]',10,3);
INSERT INTO django_admin_log VALUES(13,'2020-03-27 17:08:46.930492','2','/about-author/ -- «Об авторе»',2,'[{"changed": {"fields": ["content"]}}]',10,3);
INSERT INTO django_admin_log VALUES(14,'2020-03-27 17:09:24.082496','2','/about-author/ -- «Об авторе»',2,'[{"changed": {"fields": ["content"]}}]',10,3);
INSERT INTO django_admin_log VALUES(15,'2020-03-27 17:12:18.759131','2','/about-author/ -- «Об авторе»',2,'[{"changed": {"fields": ["content"]}}]',10,3);
INSERT INTO django_admin_log VALUES(16,'2020-03-27 17:16:29.434629','2','/about-author/ -- «Об авторе»',2,'[{"changed": {"fields": ["content"]}}]',10,3);
INSERT INTO django_admin_log VALUES(17,'2020-03-27 17:17:42.132812','2','/about-author/ -- «Об авторе»',2,'[{"changed": {"fields": ["content"]}}]',10,3);
INSERT INTO django_admin_log VALUES(18,'2020-03-27 17:23:20.809326','3','/about-spec/ -- Технологии',2,'[{"changed": {"fields": ["content"]}}]',10,3);
INSERT INTO django_admin_log VALUES(19,'2020-03-27 17:23:34.328765','2','/about-author/ -- «Об авторе»',2,'[{"changed": {"fields": ["content"]}}]',10,3);
INSERT INTO django_admin_log VALUES(20,'2020-03-27 17:29:02.245457','3','/about-spec/ -- Технологии',2,'[{"changed": {"fields": ["content"]}}]',10,3);
INSERT INTO django_admin_log VALUES(21,'2020-04-01 05:26:12.118930','78','Это пост от ТОма',1,'[{"added": {}}]',1,3);
INSERT INTO django_admin_log VALUES(22,'2020-04-01 05:26:14.620202','1','Comment object (1)',1,'[{"added": {}}]',12,3);
INSERT INTO django_admin_log VALUES(23,'2020-04-02 17:48:29.254849','1','это прекрасный пост',3,'',12,3);
INSERT INTO django_admin_log VALUES(24,'2020-04-02 18:24:20.603311','79','Экспериментальный пост',1,'[{"added": {}}]',1,3);
INSERT INTO django_admin_log VALUES(25,'2020-04-02 18:24:31.979780','1','комент',1,'[{"added": {}}]',12,3);
INSERT INTO django_admin_log VALUES(26,'2020-04-12 18:43:19.273962','2','/about-author/ -- «Об авторе»',2,'[{"changed": {"fields": ["content"]}}]',10,3);
INSERT INTO django_admin_log VALUES(27,'2020-04-12 18:45:00.665091','3','/about-spec/ -- Технологии',2,'[{"changed": {"fields": ["content"]}}]',10,3);
INSERT INTO django_admin_log VALUES(28,'2020-04-12 18:46:56.073495','3','Посты от гостей',1,'[{"added": {}}]',8,3);
CREATE TABLE IF NOT EXISTS "django_flatpage" ("id" integer NOT NULL PRIMARY KEY AUTOINCREMENT, "url" varchar(100) NOT NULL, "title" varchar(200) NOT NULL, "content" text NOT NULL, "enable_comments" bool NOT NULL, "template_name" varchar(70) NOT NULL, "registration_required" bool NOT NULL);
INSERT INTO django_flatpage VALUES(1,'/contacts/','Контактная информация',replace(replace('<p class=''lead''>Чтобы связаться с нами напишите на <a\r\nhref=''mailto:we@yatube.com''>mailto:we@yatube.com</a></p>','\r',char(13)),'\n',char(10)),0,'',0);
INSERT INTO django_flatpage VALUES(2,'/about-author/','«Об авторе»',replace(replace('<p class=''lead''>Я, Жирнов Сергей, являюсь создателем этой социальной сети под чутким руководством специалистов из ЯндексПрактикума </p>\r\n<p class=''lead''>Это мой аккаунт на GitHub https://github.com/sag163 </p>','\r',char(13)),'\n',char(10)),0,'',0);
INSERT INTO django_flatpage VALUES(3,'/about-spec/','Технологии','<p class=''lead''>Сервис создан с использованием фреймворка Django </p>',0,'',0);
CREATE TABLE IF NOT EXISTS "django_flatpage_sites" ("id" integer NOT NULL PRIMARY KEY AUTOINCREMENT, "flatpage_id" integer NOT NULL REFERENCES "django_flatpage" ("id") DEFERRABLE INITIALLY DEFERRED, "site_id" integer NOT NULL REFERENCES "django_site" ("id") DEFERRABLE INITIALLY DEFERRED);
INSERT INTO django_flatpage_sites VALUES(1,1,1);
INSERT INTO django_flatpage_sites VALUES(2,2,1);
INSERT INTO django_flatpage_sites VALUES(3,3,1);
CREATE TABLE IF NOT EXISTS "django_site" ("id" integer NOT NULL PRIMARY KEY AUTOINCREMENT, "name" varchar(50) NOT NULL, "domain" varchar(100) NOT NULL UNIQUE);
INSERT INTO django_site VALUES(1,'example.com','example.com');
CREATE TABLE IF NOT EXISTS "thumbnail_kvstore" ("key" varchar(200) NOT NULL PRIMARY KEY, "value" text NOT NULL);
INSERT INTO thumbnail_kvstore VALUES('sorl-thumbnail||image||52342d173a3ebc7a9905a58ee8e6f0f3','{"name": "posts/\u0416\u0438\u0440\u043d\u043e\u0432_\u0421\u0410.jpg", "storage": "django.core.files.storage.FileSystemStorage", "size": [3816, 3456]}');
INSERT INTO thumbnail_kvstore VALUES('sorl-thumbnail||image||4d38d8cdca069a32fdacfd8a05078f07','{"name": "cache/01/a7/01a7e595b686eb47da0dd10b4f46917a.jpg", "storage": "django.core.files.storage.FileSystemStorage", "size": [960, 339]}');
INSERT INTO thumbnail_kvstore VALUES('sorl-thumbnail||thumbnails||52342d173a3ebc7a9905a58ee8e6f0f3','["4d38d8cdca069a32fdacfd8a05078f07"]');
INSERT INTO thumbnail_kvstore VALUES('sorl-thumbnail||image||0e14134728010d0c06dcda3afd8e741c','{"name": "posts/hq-13-672x420.jpg", "storage": "django.core.files.storage.FileSystemStorage", "size": [672, 420]}');
INSERT INTO thumbnail_kvstore VALUES('sorl-thumbnail||image||3ea9caf71d8c260f074e7adc5dd02d01','{"name": "cache/53/ff/53ffb4224ac4dfcf3fc8beec59d3a6e0.jpg", "storage": "django.core.files.storage.FileSystemStorage", "size": [960, 339]}');
INSERT INTO thumbnail_kvstore VALUES('sorl-thumbnail||thumbnails||0e14134728010d0c06dcda3afd8e741c','["3ea9caf71d8c260f074e7adc5dd02d01"]');
INSERT INTO thumbnail_kvstore VALUES('sorl-thumbnail||image||8da47244a6ae0237464fd0e0fea2e4b3','{"name": "posts/hq-36-768x432_1.jpg", "storage": "django.core.files.storage.FileSystemStorage", "size": [768, 432]}');
INSERT INTO thumbnail_kvstore VALUES('sorl-thumbnail||image||6ed3d7bd2dfd8341bf72e47be4aae527','{"name": "cache/ca/ae/caae445412970e8a6a45aa889e16743e.jpg", "storage": "django.core.files.storage.FileSystemStorage", "size": [960, 339]}');
INSERT INTO thumbnail_kvstore VALUES('sorl-thumbnail||thumbnails||8da47244a6ae0237464fd0e0fea2e4b3','["6ed3d7bd2dfd8341bf72e47be4aae527"]');
INSERT INTO thumbnail_kvstore VALUES('sorl-thumbnail||image||320388e876baff6a4fb2f3d01b13af6a','{"name": "posts/hq-36-768x432.jpg", "storage": "django.core.files.storage.FileSystemStorage", "size": [768, 432]}');
INSERT INTO thumbnail_kvstore VALUES('sorl-thumbnail||image||29b5b3a261a42689669188172b36ecbc','{"name": "cache/ba/9c/ba9c8d84331f23fb937baa5f72e8d5c6.jpg", "storage": "django.core.files.storage.FileSystemStorage", "size": [960, 339]}');
INSERT INTO thumbnail_kvstore VALUES('sorl-thumbnail||thumbnails||320388e876baff6a4fb2f3d01b13af6a','["29b5b3a261a42689669188172b36ecbc", "ade080238d7a05213ea0879561df6aec", "be68196b60add1c3bafa71d342abde76", "62f8a5c377cc9df0001400b741855412"]');
INSERT INTO thumbnail_kvstore VALUES('sorl-thumbnail||image||980bb5e61f1c3b8d10ef9182e3f49d6d','{"name": "posts/hq-13-672x420_CxXdhse.jpg", "storage": "django.core.files.storage.FileSystemStorage", "size": [672, 420]}');
INSERT INTO thumbnail_kvstore VALUES('sorl-thumbnail||image||55d7396b561413f95aa8c1a164bc9e81','{"name": "cache/ab/95/ab956a4377dbb4aa328ed21cacf7947a.jpg", "storage": "django.core.files.storage.FileSystemStorage", "size": [960, 339]}');
INSERT INTO thumbnail_kvstore VALUES('sorl-thumbnail||thumbnails||980bb5e61f1c3b8d10ef9182e3f49d6d','["ab8ff71d083fe1a30e86ad03787824d9", "9016a34d76f167c2066e59788e0c7614", "920d0333bd08e5e3c0aad7ad7060bd81", "55d7396b561413f95aa8c1a164bc9e81"]');
INSERT INTO thumbnail_kvstore VALUES('sorl-thumbnail||image||ab8ff71d083fe1a30e86ad03787824d9','{"name": "cache/a9/de/a9dea235d64910ca3d43c1e2b6ac6396.jpg", "storage": "django.core.files.storage.FileSystemStorage", "size": [80, 80]}');
INSERT INTO thumbnail_kvstore VALUES('sorl-thumbnail||image||62f8a5c377cc9df0001400b741855412','{"name": "cache/ca/52/ca52bf14f7896a69c045f4b0759e959a.jpg", "storage": "django.core.files.storage.FileSystemStorage", "size": [80, 80]}');
INSERT INTO thumbnail_kvstore VALUES('sorl-thumbnail||image||920d0333bd08e5e3c0aad7ad7060bd81','{"name": "cache/20/ce/20ce6341577096962c58444fe2d1a67d.jpg", "storage": "django.core.files.storage.FileSystemStorage", "size": [80, 30]}');
INSERT INTO thumbnail_kvstore VALUES('sorl-thumbnail||image||be68196b60add1c3bafa71d342abde76','{"name": "cache/54/ba/54bad6fd5c1ef1cabe1a364f4ef55616.jpg", "storage": "django.core.files.storage.FileSystemStorage", "size": [80, 30]}');
INSERT INTO thumbnail_kvstore VALUES('sorl-thumbnail||image||9016a34d76f167c2066e59788e0c7614','{"name": "cache/08/5d/085d53bec428f7b6c9b1177ab945ffd9.jpg", "storage": "django.core.files.storage.FileSystemStorage", "size": [200, 200]}');
INSERT INTO thumbnail_kvstore VALUES('sorl-thumbnail||image||ade080238d7a05213ea0879561df6aec','{"name": "cache/44/7d/447dce9c57f169d8e46abfbf616f4220.jpg", "storage": "django.core.files.storage.FileSystemStorage", "size": [200, 200]}');
INSERT INTO thumbnail_kvstore VALUES('sorl-thumbnail||image||d1073f555a37136deae3822d577877d3','{"name": "posts/d5486c0d2c17e79b6267aca3206a89cb.jpg", "storage": "django.core.files.storage.FileSystemStorage", "size": [960, 640]}');
INSERT INTO thumbnail_kvstore VALUES('sorl-thumbnail||image||0f18b6994fcc84fa31e34e87c1525bd1','{"name": "cache/84/42/8442d1fe13ddadb798bc7bb30f4424ab.jpg", "storage": "django.core.files.storage.FileSystemStorage", "size": [960, 339]}');
INSERT INTO thumbnail_kvstore VALUES('sorl-thumbnail||thumbnails||d1073f555a37136deae3822d577877d3','["0f18b6994fcc84fa31e34e87c1525bd1"]');
INSERT INTO thumbnail_kvstore VALUES('sorl-thumbnail||image||537302df5f54dd1b811fb7b3b8eaae01','{"name": "posts/841c4f28-aafc-4d9d-8f6c-01714ffe914a.jpg", "storage": "django.core.files.storage.FileSystemStorage", "size": [525, 375]}');
INSERT INTO thumbnail_kvstore VALUES('sorl-thumbnail||image||4b7db74273c1c7a3e3ef0b54bd4b44bb','{"name": "cache/70/2b/702b1b3aebfc687658db0138091d425e.jpg", "storage": "django.core.files.storage.FileSystemStorage", "size": [960, 339]}');
INSERT INTO thumbnail_kvstore VALUES('sorl-thumbnail||thumbnails||537302df5f54dd1b811fb7b3b8eaae01','["4b7db74273c1c7a3e3ef0b54bd4b44bb"]');
INSERT INTO thumbnail_kvstore VALUES('sorl-thumbnail||image||eeab08c450030810c9b6dbbe04d53c59','{"name": "posts/06-04.jpg", "storage": "django.core.files.storage.FileSystemStorage", "size": [550, 645]}');
INSERT INTO thumbnail_kvstore VALUES('sorl-thumbnail||image||f05b5b59294fd6d318d064651803b207','{"name": "cache/e9/20/e92028335d9f35c86f8f8cb63c4ff695.jpg", "storage": "django.core.files.storage.FileSystemStorage", "size": [960, 339]}');
INSERT INTO thumbnail_kvstore VALUES('sorl-thumbnail||thumbnails||eeab08c450030810c9b6dbbe04d53c59','["f05b5b59294fd6d318d064651803b207"]');
INSERT INTO thumbnail_kvstore VALUES('sorl-thumbnail||image||24222318c6c0b8697df3e5ffaac87f94','{"name": "posts/1534402487-stolica-s-su-lajk.jpg", "storage": "django.core.files.storage.FileSystemStorage", "size": [1200, 675]}');
INSERT INTO thumbnail_kvstore VALUES('sorl-thumbnail||image||4c936f63298b956a4882ec498ba788d7','{"name": "cache/ba/14/ba14c8973d5433f6e2a4760ae1c452f6.jpg", "storage": "django.core.files.storage.FileSystemStorage", "size": [960, 339]}');
INSERT INTO thumbnail_kvstore VALUES('sorl-thumbnail||thumbnails||24222318c6c0b8697df3e5ffaac87f94','["4c936f63298b956a4882ec498ba788d7"]');
INSERT INTO thumbnail_kvstore VALUES('sorl-thumbnail||image||317f1f5a759eee45b635b2d3132309ad','{"name": "posts/IMG_20200104_102819.jpg", "storage": "django.core.files.storage.FileSystemStorage", "size": [2340, 4160]}');
INSERT INTO thumbnail_kvstore VALUES('sorl-thumbnail||image||60f2d572976d51673cce8118acb48397','{"name": "cache/c0/d2/c0d204fdc108ec6125371028edd96c0f.jpg", "storage": "django.core.files.storage.FileSystemStorage", "size": [960, 339]}');
INSERT INTO thumbnail_kvstore VALUES('sorl-thumbnail||thumbnails||317f1f5a759eee45b635b2d3132309ad','["60f2d572976d51673cce8118acb48397"]');
INSERT INTO thumbnail_kvstore VALUES('sorl-thumbnail||image||5a72a67ac40fced129aa654cf73041ed','{"name": "posts/8rqkn7oN8ms.jpg", "storage": "django.core.files.storage.FileSystemStorage", "size": [1000, 750]}');
INSERT INTO thumbnail_kvstore VALUES('sorl-thumbnail||image||d14ba4497339482b4c10d7c4a3fb713b','{"name": "cache/23/04/2304d7936cb1bdb5c1f183d78c7d2de2.jpg", "storage": "django.core.files.storage.FileSystemStorage", "size": [960, 339]}');
INSERT INTO thumbnail_kvstore VALUES('sorl-thumbnail||thumbnails||5a72a67ac40fced129aa654cf73041ed','["d14ba4497339482b4c10d7c4a3fb713b"]');
CREATE TABLE IF NOT EXISTS "posts_follow" ("id" integer NOT NULL PRIMARY KEY AUTOINCREMENT, "author_id" integer NULL REFERENCES "auth_user" ("id") DEFERRABLE INITIALLY DEFERRED, "user_id" integer NULL REFERENCES "auth_user" ("id") DEFERRABLE INITIALLY DEFERRED);
INSERT INTO posts_follow VALUES(101,5,8);
INSERT INTO posts_follow VALUES(118,8,7);
INSERT INTO posts_follow VALUES(121,10,7);
INSERT INTO posts_follow VALUES(122,7,13);
INSERT INTO posts_follow VALUES(123,13,7);
INSERT INTO posts_follow VALUES(124,14,16);
INSERT INTO posts_follow VALUES(125,8,15);
INSERT INTO posts_follow VALUES(126,14,7);
CREATE TABLE IF NOT EXISTS "posts_comment" ("id" integer NOT NULL PRIMARY KEY AUTOINCREMENT, "text" text NOT NULL, "created" datetime NOT NULL, "author_id" integer NULL REFERENCES "auth_user" ("id") DEFERRABLE INITIALLY DEFERRED, "post_id" integer NULL REFERENCES "posts_post" ("id") DEFERRABLE INITIALLY DEFERRED);
INSERT INTO posts_comment VALUES(5,'это прекрасно!','2020-04-08 15:50:16.810447',7,84);
INSERT INTO posts_comment VALUES(6,'Так себе)','2020-04-08 15:56:03.687649',7,84);
INSERT INTO posts_comment VALUES(7,'Норм вообще)','2020-04-13 17:12:00.340001',13,77);
INSERT INTO posts_comment VALUES(8,'Да, Серега огонь!','2020-04-13 17:17:19.028141',13,85);
INSERT INTO posts_comment VALUES(9,'Да, Серега огонь! 🔥','2020-04-13 17:17:42.415518',13,85);
INSERT INTO posts_comment VALUES(10,'Спасибо!!!','2020-04-13 17:17:48.891634',7,85);
INSERT INTO posts_comment VALUES(11,'круто','2020-04-14 17:05:46.851865',7,88);
CREATE TABLE IF NOT EXISTS "posts_post" ("id" integer NOT NULL PRIMARY KEY AUTOINCREMENT, "text" text NOT NULL, "pub_date" datetime NOT NULL, "author_id" integer NOT NULL REFERENCES "auth_user" ("id") DEFERRABLE INITIALLY DEFERRED, "group_id" integer NULL REFERENCES "group_group" ("id") DEFERRABLE INITIALLY DEFERRED, "image" varchar(100) NULL, "dislikes" integer NOT NULL, "likes" integer NOT NULL);
INSERT INTO posts_post VALUES(2,replace('Начинаю новую тетрадь дневника, послѣ почти мѣсячнаго промежутка, во время котораго я такъ много переиспыталъ, перечувствовалъ, что мнѣ не было времени думать и еще меньше записывать. — Съ Кавказа я пріѣхалъ въ Тулу, видѣлъ тетокъ, сестру, Валерьяна и узналъ о своемъ производствѣ. Всѣ 3 брата и Перфильевы пріѣхали ко мнѣ и увезли меня въ Москву. Изъ Москвы я проѣхалъ въ Покровское, тамъ простился съ т[етушкой] П[елагеей] И[льиничной], В[алерьяномъ], съ Машей и Сережей. Эти 2 прощанья — особенно послѣднее — были одни изъ счастливѣйшихъ минутъ въ моей жизни. Оттуда поѣхалъ къ Митинькѣ, который почти по моему совѣту бросилъ Москву, — и черезъ Полтаву, Кишиневъ и т. д. 3-го дня пріѣхалъ въ Букарестъ. Я былъ счастливъ все это время!\n\nСлужебное положеніе мое здѣсь неопредѣленно и я уже съ недѣлю снова сомнительно болѣнъ. — Неужели снова начнется для меня пора испытаній?!\n\nВпрочемъ я самъ виноватъ, счастіе избаловало меня: я опустился и во многомъ имѣю упрекнуть себя со дня выѣзда моего изъ Курска и до сей минуты. — Грустно убѣдиться, что я не умѣлъ переносить счастія также, какъ и не умѣлъ переносить несчастія. Нынче пойду къ командиру Дивизіи въ корпусной Штабъ, сдѣлаю кой какія покупки, погуляю, и прійду домой писать письма и обѣдать. Послѣ обѣда займусь чѣмъ нибудь и передъ вечеромъ поѣду въ баню. Вечеръ просижу дома и займусь Отрочествомъ.','\n',char(10)),'1854-03-14 00:00:00',2,NULL,NULL,0,0);
INSERT INTO posts_post VALUES(3,replace('Ровно 3 мѣсяца промежутка. — 3 мѣсяца праздности и жизни, которой я не могу быть доволенъ. — Недѣли три я былъ у Шейдемана и жалѣю, что не остался. Съ офицерами бы я ладилъ, и съ батар[ейнымъ] команд[иромъ] умѣлъ бы устроиться. За то дурное общество и затаенная злоба отъ своего неблестящаго положенія хорошо бы подѣйствовали на меня. Я сердился бы, скучалъ, старался бы подняться морально надъ своимъ положеніемъ и сталъ бы лучше — работалъ бы. — Откомандированіе меня въ Штабъ пришло въ то самое время, когда я поссорился съ батарейнымъ командиромъ, и польстило моему тщеславію. — Болѣзнь моя, во время которой я не могъ даже вернуться на старую колею занятій и честнаго труда съ одной цѣлью добра, — доказала мнѣ, до какой степени я испортился. Чѣмъ выше я становлюсь въ общественномъ мнѣніи, тѣмъ ниже я становлюсь въ собственному Я имѣлъ нѣсколько разъ женщинъ, лгалъ, тщеславился и, что всего ужаснѣе, подъ огнемъ велъ себя не такъ, какъ надѣялся отъ самаго себя.____\n\nОсада Силистріи снята, я еще не былъ въ дѣлѣ, положеніе мое въ кругу товарищей и начальство хорошо, несмотря на остаток б[.....] и ранки, здоровье мое порядочно и въ моральномъ отношеніи я твердо рѣшился посвятить свою жизнь пользѣ ближняго. Въ послѣдній разъ говорю себѣ:\nЕжели пройдетъ 3 дня, во время которыхъ я ничего не сдѣлаю для пользы людей, я убью себя. —  Помоги мнѣ Господи._________\nДо обѣда пишу письма: Сережѣ и теткамъ, Волконской, ежели успѣю. Послѣ обѣда продолжаю записки Феерверкера. __________','\n',char(10)),'1854-06-15 00:00:00',2,NULL,'',0,1);
INSERT INTO posts_post VALUES(4,'[Бухарест.] Во время перехода отъ Силистріи къ Маю я ѣздилъ въ Букарестъ. Я игралъ и принужденъ былъ занимать деньги. Положеніе унизительное для каждаго и для меня въ особенности. Написалъ письма: тетинькѣ, Митѣ, Некрасову и Оськѣ. — Всё еще не знаю, за что приняться, и поэтому ничего не дѣлаю. Кажется, что лучше всего работать за романомъ Р[усскаго] П[омѣщика].','1854-06-23 00:00:00',2,NULL,NULL,0,0);
INSERT INTO posts_post VALUES(5,'Съ утра сѣлъ за работу; но ничего не сдѣлалъ и радъ былъ, когда мнѣ пришолъ помѣшать Горчаковъ. Послѣ обѣда у Генер[ала] читалъ Беран[же], ѣздилъ къ Доктору, который объявилъ мнѣ, что мнѣ должно дѣлать операцію и лечиться мѣсяца полтора и болталъ до ночи съ Шубинымъ о нашемъ русскомъ рабствѣ. Правда, что рабство есть зло, но зло чрезвычайно милое. __________','1854-06-24 00:00:00',2,NULL,'',0,1);
INSERT INTO posts_post VALUES(6,'День ото дня откладывалъ операцію, ожидая перехода въ Букарестъ; a здѣсь откладывалъ, ожидая квартиры и Доктора. Въ Журжѣ были дѣла, въ кот[орыхъ] бы я могъ быть, ежели бы былъ здоровъ. Денегъ нѣтъ ни гроша и я долженъ. Валер[ьянъ] пишетъ въ письмѣ, кот[орое] я получилъ вчера, что ни лошадей, ни денегъ нѣтъ. — Намѣренъ лечиться серьезно. Мнѣ хочется пожить беззаботно и весело, не знаю, что выйдетъ изъ этаго желанія.','1854-06-29 00:00:00',2,NULL,NULL,0,0);
INSERT INTO posts_post VALUES(7,'Сегодня мнѣ сдѣлали операцію съ клороформомъ — я былъ малодушенъ. Ничего не дѣлалъ отъ невозможности. Есть надежда выздоровѣть. —','1854-06-30 00:00:00',2,NULL,NULL,0,0);
INSERT INTO posts_post VALUES(8,'Написалъ письмо Валерьяну и Оголину. Здоровье ни лучше, ни хуже, живу одинъ, читаю, но за работы не принимаюсь, хотя Зап[иски] Феер[веркера] сильно искушаютъ меня. ________','1854-07-01 00:00:00',2,NULL,NULL,0,0);
INSERT INTO posts_post VALUES(9,replace('Читалъ Gilbert и Gilberte. Здоровье все statu quo.\n\n— Зап[иски] Феер[веркера] все болѣе болѣе опредѣляются, нынче, 3-го І[юля], кажется, займусь.','\n',char(10)),'1854-07-02 00:00:00',2,NULL,NULL,0,0);
INSERT INTO posts_post VALUES(10,replace('Цѣлый день читалъ, работа никакъ не хочетъ идти. Вечеромъ болталъ съ Пруш[инскимъ?], Олх[инымъ] и Антроп[овымъ]. Проигралъ глупо Пруш[инскому] porte-feuille Полинькинъ и несмотря на его отговорки от далъ ему. Невольно, какъ только я остаюсь одинъ и обдумываю самаго себя, я возвращаюсь къ прежней мысли — мысли объ усовершенствованіи; но главная моя ошибка — причина, по которой я не могъ спокойно идти по этой дорогѣ — та, что я усовершенствованіе смѣшивалъ съ совершенствомъ. Надо прежде понять хорошенько себя и свои недостатки и стараться исправлять ихъ, а не давать себѣ задачей — совершенство, котораго не только невозможно достигнуть съ той низкой точки, на которой я стою, но при пониманіи котораго пропадаетъ надежда на возможность достиженія. Тоже, что было со мной въ хозяйствѣ, въученьи, въ литературѣ, въ жизни. — Въ хозяйствѣ я хотѣлъ достигнуть совершенства и забывалъ, что прежде нужно было исправить несовершенства, которыхъ слишкомъ много, хотѣлъ правильнаго раздѣленія полей, когда мнѣ нечѣмъ было ихъ удабривать и сѣять. —\n\nНужно взять себя такимъ, какимъ есть, и исправимые недостатки стараться исправить, хорошая же натура поведетъ меня къ добру безъ книжки, которая столько времени была моимъ кошмаромъ. — Я одинъ изъ тѣхъ характеровъ, которые, желая, отъискивая и готовые на все прекрасное, неспособны именно по этому къ постоянно-хорошему.','\n',char(10)),'1854-07-03 00:00:00',2,NULL,NULL,0,0);
INSERT INTO posts_post VALUES(11,replace('Главные мои недостатки. 1) Неосновательность (подъ этимъ я разумѣю: нерѣшительность, непостоянство и непослѣдовательность. 2) Непріятный тяжелый характеръ, раздражительность, излишнее самолюбіе, тщеславіе. 3) Привычка къ праздности. — Буду стараться постоянно наблюдать за этими 3 основными пороками и записывать всякій разъ, что буду впадать въ нихъ. — Уже нынче я спорилъ съ Антропов[ымъ] о томъ, должно ли или нѣтъ ему ѣхать въ Журжу, съ раздраж[ительностью] и излишнимъ самолюбіемъ. —\n\nЯ обѣдалъ дома довольно спокойно, хорошо и дешево. Бартоломей обѣщалъ было читать со мной Pictures from Italy, но бѣдняжка нашелъ, что это слышкомъ скучно, и поэтому мы сочли за лучшее болтать съ нимъ до поздняго вечера. — Онъ, кажется, добрый и съ хорошимъ направленіемъ мальчикъ; но молодъ.....\n\nЗдоровье мое какъ будто лучше, но боюсь еще вѣрить. — Былъ неосноват[еленъ] съ Новережскимъ, не кончивъ дѣла о рапортѣ; раздражителенъ съ Антроповымъ и — увы — опять лѣнился, ничего не сдѣлалъ, кромѣ этой страницы дневника. Получилъ письмо отъ тетки и Митиньки, на которое завтра надо будетъ отвѣтить. (3)','\n',char(10)),'1854-07-04 00:00:00',2,NULL,NULL,0,0);
INSERT INTO posts_post VALUES(12,replace('Читалъ во время чаю, обѣда и десерта, утро же все писалъ одно письмо тетинькѣ, которое пошлю, несмотря на то, что французскій слогъ его мнѣ очень не нравится. — Миѣ со дня на день становится труднѣе объясняться и писать по французски, надо же эту глупую манеру писать и говорить на языкѣ, который плохо знаешь! — А сколько хлопотъ, потеряннаго времени, неясности въ мысляхъ и нечистоты въ природномъ языкѣ изъ за этой манеры, а необходимо!\n\nВечеромъ написалъ съ главу Зап[исокъ] Феерв[еркера] съ увлеченіемъ и порядочно. Олхинъ 2 раза былъ у меня, чего мнѣ совершенно ненужно записывать, потому что чудесныя выраженія глупости, которыя вырывались у него, я не запомню оттого, что запишу ихъ. — Поѣлъ фруктовъ, несмотря на поносъ, и поручилъ Олхину нанять фортепьяно, вотъ двѣ ошибки противъ основательности. Главный мой недостатокъ состоитъ въ недостаткѣ терпимости къ себѣ и другимъ. Это не правило, а мысль, которую почему не записать сюда. Она напомнить черезъ нѣсколько времени то моральное состоите, въ которомъ я находился 5-го Іюля 1854 года. (2)','\n',char(10)),'1854-07-05 00:00:00',2,NULL,NULL,0,0);
INSERT INTO posts_post VALUES(13,replace('Цѣлый день читалъ то Лермонтова], то Гёте, то Alphonse Karr’a и не могъ приняться за дѣло. — Какъ я не говорю, что я не честолюбивъ, и сколько ни стараюсь быть искреннимъ въ этомъ, le bout de l’oreille se montre malgré moi.\n\nМнѣ непріятно было узнать сегодня, что Осипъ Сержпут[овскій] контуженъ и о немъ донесено: Государю. Зависть.... и изъ за какой пошлости и къ какой дряни!\n\nНынче весь день былъ день непріятныхъ воспоминаній. То воспоминаніе о долгѣ Зубкову мучало меня. (Насчетъ его я было раздумалъ переходъ въ конную артиллерію, по потомъ рѣшился, оставивъ дѣло, какъ есть, ждать до 55-го года.) То воспоминаніе о томъ, что я будто слишкомъ много позволялъ своему Генералу, мучало меня. Обдумавъ хорошенько, выходить напротивъ, что я слишкомъ много себѣ позволялъ съ нимъ. — Чтобы естественно быть гордымъ (fier) надо или быть дуракомъ (чѣмъ я не могу быть), или быть довольнымъ собою, за чѣмъ я не былъ со времени своего пріѣзда въ армію. За нынѣшній [день] 2 упрека я могу и долженъ себѣ сдѣлать: 1) непростительная цѣлый день лѣнь и слѣдствіе ея — праздность и 2) просьба къ (Олхину о фортепьяно, на что у меня нѣтъ достаточно денегъ.) (1)','\n',char(10)),'1854-07-06 00:00:00',2,NULL,NULL,0,0);
INSERT INTO posts_post VALUES(14,replace('Скромности у меня нѣтъ! вотъ мой большой недостатокъ. —\n\nЧто я такое? Одинъ изъ 4-хъ сыновей отставнаго Подполковника, оставшійся съ 7 лѣтняго возраста безъ родителей подъ опекой женщинъ и постороннихъ, не получившій ни свѣтскаго, ни ученаго образованія и вышедшій на волю 17-ти лѣтъ, безъ большого состоянія, безъ всякаго общественнаго положенія и, главное, безъ правилъ; человѣкъ, разстроившій свои дѣла до послѣдней крайности, безъ цѣли и наслажденія проведшій лучшія года своей жизни, наконецъ изгнавшій себя на Кавказъ, чтобъ бѣжать отъ долговъ и, главное, привычекъ, а оттуда, придравшись къ какимъ-то связямъ, существовавшимъ между его отцомъ и Командующимъ арміей, перешедшій въ Дунайскую армію 26 лѣтъ, прапорщикомъ, почти безъ средствъ кромѣ жалованья (потому что тѣ средства, которыя у него есть, онъ долженъ употребить на уплату оставшихся долговъ), безъ покровителей, безъ умѣнья жить въ свѣтѣ, безъ знанія службы, безъ практическихъ способностей; но — съ огромнымъ самолюбіемъ! Да, вотъ мое общественное положеніе. Посмотримъ, что такое моя личность. —\n\nЯ дуренъ собой, неловокъ, нечистоплотенъ и свѣтски необразованъ. — Я раздражителенъ, скученъ для другихъ, нескроменъ, нетерпимъ (intolérant) и стыдливъ, какъ ребенокъ. — Я почти невѣжда. Что я знаю, тому я выучился кое какъ самъ, урывками, безъ связи, безъ толку и то такъ мало. — Я невоздерженъ, нерѣшителенъ, непостояненъ, глупо-тщеславенъ и пылокъ, какъ всѣ безхарактерные люди. Я не храбръ. Я неакуратенъ въ жизни и такъ лѣнивъ, что праздность сдѣлалась для меня почти неодолимой привычкой. — Я уменъ, но умъ мой еще никогда ни на чемъ не былъ основательно испытанъ. У меня нѣтъ ни ума практическаго, ни ума свѣтскаго, ни ума дѣловаго. — Я честенъ, т. е. я люблю добро, сдѣлалъ привычку любить его; и когда отклоняюсь отъ него, бываю недоволенъ собой и возвращаюсь къ нему съ удовольствіемъ; но есть вещи, который я люблю больше добра — славу. Я такъ честолюбивъ и такъ мало чувство это было удовлетворено, что часто, боюсь, я могу выбрать между славой и добродѣтелыо первую, ежели бы мнѣ пришлось выбирать изъ нихъ. ______________\n\nДа, я не скроменъ; оттого то я гордъ въ самомъ себѣ, а стыдливъ и робокъ въ свѣтѣ. ______________\n\nУтромъ писалъ эту страницу и читалъ Louis Philipp’a. Послѣ обѣда уже очень поздно началъ писать 3[аписки] Ф[еерверкера] и до вечера написалъ довольно много несмотря на то, что у меня были Олхинъ и Андроповъ. Послѣ ухода Андроп[ова] ю я облокотился на балконъ и глядѣлъ на свой любимый фонарь, который такъ славно свѣтитъ сквозь дерево. Притомъ же послѣ нѣсколькихъ грозовыхъ тучь, которыя проходили и мочили нынче землю, осталась одна большая, закрывавшая всю южную часть неба и какая-то пріятная легкость и влажность въ воздухѣ.\n\nХозяйская хорошенькая дочка также, какъ я, лежала въ своемъ окнѣ, облокотившись на локти. По улицѣ прошла шарманка, и когда звуки добраго стариннаго вальса, удаляясь все больше и больше, стихли совершенно, дѣвочка до глубины души вздохнула, приподнялась и быстро отошла отъ окошка. Мнѣ стало такъ грустно — хорошо, что я невольно улыбнулся и долго еще смотрѣлъ на свой фонарь, свѣтъ котораго заслоняли иногда качаемыя вѣтромъ вѣтви дерева, на дерево, на заборъ, на небо, и все это мнѣ казалось еще лучше, чѣмъ прежде. —\n\nЯ долженъ упрекнуть себя нынче въ 3-хъ неосновательностяхъ: 1) что я забылъ о фортепьянахъ, 2) не позаботился о рапортѣ перевода и 3) что я ѣлъ боршъ съ поносомъ, который все усиливается. (3)','\n',char(10)),'1854-07-07 00:00:00',2,NULL,NULL,0,0);
INSERT INTO posts_post VALUES(15,'Утромъ читалъ и писалъ немного. Вечеромъ побольше, но все не только безъ увлеченія, но съ какою-то непреодолимой лѣнью. Рѣшился не брать фортепьянъ и отвѣтилъ Олхину, что у меня денегъ нѣтъ, чѣмъ онъ вѣрно обидѣлся, тѣмъ болѣе, что я подписалъ просто «весь вашъ». Открылъ я нынче еще поэтическую вещь въ Лермантовѣ и Пушкинѣ; въ первомъ Умирающій гладіаторъ. (Эта предсмертная мечта о домѣ удивительно хороша) и во второмъ Янко Марнавичь, который убилъ нечаянно своего друга. Помолившись усердно и долго въ Церкви, онъ пришелъ домой и легъ на постель. Потомъ онъ спросилъ у женѣ, не видитъ ли она чего нибудь въ окнѣ, она отвѣчала, что нѣтъ. Онъ еще разъ спросилъ, тогда жена сказала, что видитъ за рѣкой огонекъ; когда онъ въ третій разъ спросилъ, жена сказала, что видитъ — огонекъ сталъ побольше и приближается. Онъ умеръ. — Это восхитительно! А отчего? Подите объясняйте послѣ этаго поэтическое чувство. —','1854-07-08 00:00:00',2,NULL,NULL,0,0);
INSERT INTO posts_post VALUES(16,replace('Утро и цѣлый день провелъ, то пиша З[аписки] Ф[еерверкера], которыя, между прочимъ, кончилъ, но которыми такъ не доволенъ, что едва ли не придется передѣлать все за ново или вовсе бросить, но бросить не однѣ З[аписки] Ф[еерверкера], но бросить все литераторство; потому что ежели вещь, казавшаяся превосходною въ мысли — выходитъ ничтожна на дѣлѣ, то тотъ, который взялся за нее, не имѣетъ таланта. То читалъ Гёте, Лермонтова и Пушкина. Перваго я плохо понимаю, да и не могу, какъ ни стараюсь, перестать видѣть смѣшное (du ridicule) въ нѣмецкомъ языкѣ. Во второмъ я нашелъ начало Измаилъ-бея весьма хорошимъ. Можетъ быть это показалось мнѣ болѣе потому, что я начинаю любить Кавказъ, хотя посмертной, но сильной любовью. Дѣйствительно хорошъ этотъ край дикой, въ которомъ такъ странно и поэтически соединяются двѣ самыя противуположныя вещи — война и свобода. — Въ Пушкинѣ же меня поразили Цыгане, которыхъ, странно, я не понималъ до сихъ поръ.\nДевизою моего дневника должно быть «non ad probandum, sed ad narrandum».','\n',char(10)),'1854-07-09 00:00:00',2,NULL,NULL,0,0);
INSERT INTO posts_post VALUES(17,'Писать не хочется, а я сказалъ уже, что принуждать себя ни къ чему не намѣренъ par parti pris. — Поэтому скажу только, что читалъ Лафонтена и Гёте, котораго начинаю день ото дню понимать лучше, и писалъ на бѣло З[аписки] Ф[еерверкера] очень мало и лѣниво, за что и дѣлаю себѣ упрекъ. (1)','1854-07-10 00:00:00',2,NULL,NULL,0,0);
INSERT INTO posts_post VALUES(18,'Перечитывалъ Героя нашего времени, читалъ Гёте и только передъ вечеромъ написалъ очень мало. Почему? Лѣнь, нерѣшительность и страсть смотрѣть свои усы и фистулы. За что и дѣлаю себѣ 2 упрека. Нынче Бабарыкину, который былъ тутъ и ѣдетъ къ Генералу, поручилъ свой рапортъ о переводѣ. Еще упрекъ за то, что посмѣялся надъ Олхинымъ при Бабарыкинѣ. (3)','1854-07-11 00:00:00',2,NULL,NULL,0,0);
INSERT INTO posts_post VALUES(19,replace('Утромъ Олхинъ пришелъ мнѣ объявить, что онъ ѣдетъ въ Леово, и хотѣлъ поручить своихъ лошадей и вещи, отъ чего я невольно отдѣлался, сказавъ ему, что у меня нѣтъ денегъ. — Въ самомъ дѣлѣ я опять въ самомъ затруднительномъ денежномъ положеніи: ни копейки, по крайней мѣрѣ до половины Августа, не предвидится ни откуда, исключая фуражныхъ, и долженъ Доктору. Не предвидится, я говорю, потому что нынче получилъ Современникъ и убѣжденъ, что рукописи мои сидятъ гдѣ нибудь въ таможнѣ. Это дѣло я разъясню, какъ выздоровлю. Вечеромъ я имѣлъ случай испытать воображаемость своего перерожденія къ веселой жизни. Хозяйская прехорошенькая замужняя дочь, которая безъ памяти глупо кокетничала со мной, подѣйствовала на меня — какъ я ни принуждалъ себя — какъ и в старину, т. е. я страдалъ ужасно отъ стыдливости.\n\nНынче въ разговорѣ съ Докторомъ изчезъ глупый — и несправедливый взглядъ, который я имѣлъ на Валаховъ — взглядъ, общій всей арміи и заимствованный мной отъ дураковъ, съ которыми я до сихъ поръ водился. — Судьба этаго народа мила и печальна. Читалъ я нынче и Гёте и Лермантова драму, въ которой нашелъ много новаго, хорошаго, и Холодный домъ Дикенса. Вотъ ужъ 2-й день, что я покушаюсь сочинять стихи. Посмотримъ, что изъ этаго выйдетъ. —\n\nУпрекнуть долженъ себя нынче только за лѣнь, хотя писалъ и обдумалъ впередъ много хорошаго, но слишкомъ мало и лѣниво. (1)','\n',char(10)),'1854-07-11 00:00:00',2,NULL,NULL,0,0);
INSERT INTO posts_post VALUES(20,replace('Съ утра чувствовалъ въ головѣ тяжесть и не могъ преодолѣть себя, чтобы заниматься. Весь день читалъ Современникъ. Эсфирь (Холодный домъ) говоритъ, что дѣтская молитва ея состояла въ обѣщаніи, которое она дала Богу 1) всегда быть трудолюбивой, 2) чистосердечной, 3) довольной и 4) стараться снискивать любовь всѣхъ окружающихъ ее.\n\nКакъ просты, какъ милы, удобоисполнимы и велики эти 4 правила. Вечеромъ позвалъ къ себѣ Антропова, чтобы взять денегъ, и спорилъ съ нимъ, т. е. присутствіе его возбуждало мои мысли. Я люблю это, хотя къ этому примѣшивается всегда непріятное и дурное чувство, что онъ не можетъ оцѣнить моихъ мыслей. Зашелъ и Шубинъ съ своимъ тщеславно униженнымъ лицомъ и взглядомъ на вещи. За что я это написалъ? Не знаю. — Упрекаю себя за лѣнь. (1)','\n',char(10)),'1854-07-12 00:00:00',2,NULL,NULL,0,0);
INSERT INTO posts_post VALUES(21,replace('Моя молитва. «Вѣрую во единаго всемогущаго и добраго Бога, въ безсмертіе души и въ вѣчное возмездіе по дѣламъ нашимъ; желаю вѣровать въ религію отцовъ моихъ и уважаю ее». ——\n\n«Отче нашъ» и т. д. «За упокой и за спасеніе род[ителей]». «Благодарю тебя, Господи за милости Твои, за то... за то и за то. (При этомъ вспомни все, что было для тебя счастливаго.) Прошу, внуши мнѣ благія предпріятія и мысли, и дай мнѣ счастія и успѣха въ нихъ. — Помоги мнѣ исправляться отъ пороковъ моихъ; избави меня отъ болѣзней, страданій, ссоръ, долговъ и униженій. —\n\nДаруй мнѣ въ твердой вѣрѣ и надеждѣ на Тебя, въ любви къ другимъ и отъ другихъ съ спокойной совѣстью и пользой для ближняго жить и умереть. Даруй мнѣ творить добро и избѣгать зла; но будетъ со мной добро или зло, да будетъ пресвятая воля твоя! Даруй мнѣ добра, истиннаго! Г[оспо]ди помилуй! Г[оспо]ди помилуй, Г[оспо]ди помилуй! —\n\nУтро очень позднее, потому что всталъ въ 10, читалъ о Черногоріи, писалъ немного и болталъ съ товарищами, которые зашли ко мнѣ. Послѣ обѣда долженъ былъ принуждать себя, чтобы написать немного и не отчетливо. Часовъ въ 9 пріѣхалъ Бартоломей, съ нимъ я выѣхалъ въ первый разъ, былъ въ Херестреу и болталъ до 12. Могъ бы упрекнуть себя за лѣнь, но принявъ во вниманіе стараніе и болѣзнь — прощаю, но —подлость, когда я попросилъ Доктора разрѣзать мнѣ дырочку и потомъ испугался и просилъ отложить, стоитъ палокъ, плетей. (1)','\n',char(10)),'1854-07-13 00:00:00',2,NULL,NULL,0,0);
INSERT INTO posts_post VALUES(22,'Утромъ, кромѣ обыкновенная чтенія Гёте и подвертывавшихся книжонокъ, написалъ Жданова, но насчетъ личности Велинчука все еще не рѣшился. — Нынче опять рѣзали мнѣ пахъ и опять я принималъ клороформъ. Впечатлѣніе было ужъ не такъ непріятно, но такъ странно — я слышалъ звонъ инструментовъ, но не слыхалъ боли. Вечеръ сидѣли у меня Новережскій, Шубинъ и Антроповъ. Получилъ письмо отъ старосты: Цвѣтковъ Терентій и 2 дворовые пойдутъ въ рекр[уты], выборъ хорошъ. Старый Башибузукъ непремѣнно хочетъ, прежде чѣмъ пустить въ ходъ мой переводъ, извѣстить о томъ Князя. Не подумать ли мнѣ о этомъ переводѣ? Можетъ быть я не переработаю свой характеръ, a сдѣлаю только одну и важную глупость изъ желанія переработать его. Есть-ли нерѣшительность капитальной недостатокъ — такой, отъ котораго нужно исправляться? Не есть ли два рода характеровъ одинаково достойные: одни рѣшительные, другіе обдуманные? Не принадлежу [ли] я къ послѣднимъ? И желаніе мое исправиться не есть ли желаніе быть тѣмъ, чѣмъ я не есмь, какъ говоритъ A[lphonse] Karr. Мнѣ кажется, что это правда. Есть недостатки болѣе положительныя (абсолютныя), какъ то лѣнь, ложь, раздражительность, эгоизмъ, которыя всегда недостатки. —————','1854-07-14 00:00:00',2,NULL,NULL,0,0);
INSERT INTO posts_post VALUES(23,'Рано нынче разбудилъ меня Докторъ, и благодаря этому случаю, я написалъ въ утро довольно много — все передѣлывалъ старое — описаніе солдатъ. — Вечеромъ тоже пописалъ немного и читалъ Verschwörung von Viesko. Я начинаю понимать драму вообще. Хотя въ этомъ я иду совершенно противуположнымъ путемъ большинству, я доволенъ этимъ какъ средствомъ, дающимъ мнѣ новое поэтическое наслажденіе. Послѣ чая зашелъ ко мнѣ Шубинъ, Тишкевичъ и Вержбицкій, который много интереснаго мнѣ прекрасно разсказывалъ про дѣло подъ Слободзеей. Я очень недоволенъ собой, первое за то, что срывалъ цѣлый день прыщи, которыми у меня покрыто лицо и тѣло и носъ, что начинаетъ мучить меня, и второе, за глупое бѣшенство, которое вдругъ напало на меня за обѣдомъ на Алешку. (2) ————————————————','1854-07-15 00:00:00',2,NULL,NULL,0,0);
INSERT INTO posts_post VALUES(24,'Съ 10 часовъ до 2 писалъ пристально и окончилъ описаніе солдатъ; за то дальше идетъ туго. Былъ вечеромъ у меня Д. Горчаковъ, и дружба, которую онъ показалъ мнѣ, произвела это славное замираніе сердца, которое производитъ во мнѣ истинное чувство и котораго я давно не испытывалъ. Потомъ заѣхалъ Бартоломей, и я вѣрно обидѣлъ его немного тѣмъ, что сказалъ, что у него дурной выговоръ. Пора мнѣ перестать водиться съ молодежью, хотя я никогда и не водился съ ней хорошенько, какъ другіе; но дѣло въ томъ, что теперь мнѣ легче и пріятнѣе быть съ стариками, чѣмъ съ очень молодыми людьми. Здоровье такъ сякъ. Забылъ записать что-то хорошее или важное — не помню. Упрекаю себя нынче только за Бартоломея. ——————','1854-07-16 00:00:00',2,NULL,NULL,0,0);
INSERT INTO posts_post VALUES(25,'Обѣдъ мой не удался: ни Горчаковъ, ни Докторъ не могли быть. Одинъ Бартоломей ѣлъ моего поросенка и восхищался Шиллеромъ. — До обѣда читалъ, послѣ обѣда читалъ и — странная вещь — заснулъ до 8 часовъ, такъ что цѣлый день ничего не сдѣлалъ. — Новережскій привезъ мнѣ 45 р., изъ кот[орыхъ] я намѣренъ дать 40 доктору, а на остальные, призанявши еще у Горчакова, ѣхать въ Бузео и тамъ ожидать Штаба и выздоровленія. — Много нынче заслужилъ я упрековъ. 1) За глупую фантазію и, главное, — неисполненную фантазію покупать лошадь у Николаева, и 2) за цѣлый день безъ дѣла. (2)','1854-07-18 00:00:00',2,NULL,NULL,0,0);
INSERT INTO posts_post VALUES(26,'Вчера утро читалъ и сбирал[ся] къ отъѣзду. Вечеромъ выѣхалъ самымъ безалабернымъ и нерѣшительнымъ образомъ съ Малышевымъ въ Мара-Домняска, гдѣ и пробылъ нынѣшній день. За эти оба дня упрекаю себя 1) за нерѣшительность при выѣздѣ, 2) за раздражительность вчера утромъ съ Алешкой и 3) немножко за лѣнь вчера. — (3)','1854-07-20 00:00:00',2,NULL,NULL,0,0);
INSERT INTO posts_post VALUES(27,replace('[Синешти.] Рано утромъ меня разбудили и повезли въ Синешти. Вообще недоволенъ я сегодничнымъ днемъ. — Почему-то — не отъ лѣни, а за занятіями ѣдой и палаткой, не было какъ-тο время. — Я ровно ничего не дѣлалъ, даже не читалъ. — Стою и завелъ артель съ немножко не порядочными людьми и, признаюсь, иногда жалѣю, что не въ той артели. Однако, кромѣ того, что это дастъ мнѣ время заниматься, я доволенъ и тѣмъ, что веду себя хорошо — не отталкиваю и не схожусь слишкомъ близко. Глупый старикъ опять разсердилъ меня своей манерой не кланяться. Надо будетъ дать ему шикнотку. Вчера забылъ записать удовольствіе, которое мнѣ доставилъ Шиллеръ своимъ Рудольфомъ Габсбургскимъ и нѣкоторыми мѣлкими философскими стихотвореніями. Прелестна простота, картинность и правдоподобная тихая поэзія въ первомъ. Во второмъ-же поразила меня, записалась въ душѣ, какъ говоритъ Бартоломей, мысль, что, чтобы сдѣлать что нибудь великое, нужно всѣ силы души устремить на одну точку. —\nУпреки 1) за невоздержность и нерѣшительность въ томъ, что я ѣлъ сыръ, и 2) праздность цѣлаго дня, особенно ежели я хоть немного не поработаю теперь. (2)','\n',char(10)),'1854-07-21 00:00:00',2,NULL,NULL,0,0);
INSERT INTO posts_post VALUES(28,'Опять переходъ, несмотря на который я бы былъ доволенъ сегодничнымъ днемъ, ежели-бы не глупое требованіе Кыржановскаго, чтобы я ѣхалъ въ Леово. Я ходилъ къ нему утромъ и имѣлъ слабость и глупость не разбудить его; потомъ заснулъ, пообѣдалъ и написалъ немного. Здоровье хорошо и завтра являюсь къ обоимъ Начальникамъ и подаю оба рапорта. — Упрекъ за нерѣшительность съ Крыжанов[скимъ]. (1)','1854-07-22 00:00:00',2,NULL,NULL,0,0);
INSERT INTO posts_post VALUES(29,replace('Нынче съ утра ходилъ объясняться и являться къ начальству. Вышло, что Крыжановскій сказалъ, чтобы я ѣхалъ въ батарею. Тишкевичъ насплетничалъ мнѣ это, и я шелъ къ Крыж[ановскому] съ дрожащими губами. Но несмотря на всю злобу, я былъ слабъ и позволилъ замаслить это дѣло. Остальное время дня читалъ хорошенькую повѣсть Бернара и написалъ письмо Валерьяну. Меньше, чѣмъ когда, я съ дня своего выздоровленія чувствую себя способнымъ къ общежитію и равнодушно-веселому взгляду на жизнь. Подалъ другой рапортъ о переводѣ.\n\nУпрекаю себя за лѣнь. Въ цѣлый день ровно ничего не сдѣлалъ. ————— (1)','\n',char(10)),'1854-07-23 00:00:00',2,NULL,NULL,0,0);
INSERT INTO posts_post VALUES(30,'[Курешти?] Утромъ Новережскій съ подтянутой мордой принесъ мнѣ назадъ мой рапортъ съ надписью Крыжановскаго. Всѣ эти мѣлкія непріятности такъ меня разстроили, что я рѣшительно цѣлый день былъ самъ не свой, лѣнивъ, апатиченъ, не въ состояніи ни за что приняться, съ людьми молчаливъ, стыдливъ до поту. Я это испыталъ у Бабарыкина, сначала съ Зыбинымъ, Фриде и Балюзекъ, а вечеромъ съ Крыжановскимъ и Сталыпинымъ. Я слишкомъ честенъ для отношеній съ этими людьми. — Странно, что только теперь я замѣтилъ одинъ изъ своихъ важныхъ недостатковъ: оскорбительную и возбуждающую въ другихъ зависть — наклонность выставлять всѣ свои преимущества. Чтобы внушить любовь къ себѣ, напротивъ, нужно скрывать все то, чѣмъ выходишь изъ общаго разряда. Поздно я понялъ это. Не буду подавать рапорта, пока не буду въ состоянии завести лошадей, и употреблю всѣ средства для этаго. Пока не буду ни съ кѣмъ имѣть другихъ отношеній, какъ по службѣ. — Упрекаю себя за лѣнь. ——— (1)','1854-07-24 00:00:00',2,NULL,NULL,0,0);
INSERT INTO posts_post VALUES(31,replace('Рано выступили изъ Курешти и всю дорогу я ужасно мучался, какъ физически — лицо у меня страшно горѣло и выметало, — такъ и морально. Такъ называемые аристократы возбуждаютъ во мнѣ зависть. Я неисправимо мелоченъ и завистливъ.\n\nПослѣ обѣда я зашелъ къ старику и засталъ у него кампанію Адъют[антовъ] Фельдм[аршала], въ которой мнѣ было невыносимо тяжело. Потомъ Салтыковъ, когда я 3-й разъ вспоминалъ, гдѣ мы съ нимъ видѣлись, сказалъ мнѣ, что «это было тогда, когда мы съ вами дни проводили вмѣстѣ». Это никогда не было. И это было для меня во время безсонной ночи, которую я проводилъ нынче, однимъ изъ тѣхъ воспоминаній, при кот[орыхъ] вскрикиваешь. Вечеромъ съ Ферзеномъ я зашелъ къ нимъ и, не говоря уже про Сухтелена, котораго я долженъ былъ заставить поклониться мнѣ, веселый Корсаковъ, который славно поетъ цыганскія пѣсни, навелъ на меня ужасную тоску и зависть. Въ заключеніи всего, я даже съ Тышкевичемъ такъ жолчно заспорилъ о какой-то глупости, что оскорбилъ его. Какой это ничтожный человѣкъ! подумали бы тѣ, кот[орые] прочли бы эту страницу. — «Несчастный, испорченный нравъ!!» И неужели нельзя поправить его? Найдти зло, говорятъ, уже есть половина дороги къ исправленію. Сколько времени и искренно я бьюсь изъ за этаго и все тщетно. Быть всегда довольнымъ, скромнымъ и трудолюбивымъ, вотъ чудныя правила! Коли бы я могъ слѣдовать имъ! Пора бы отчаяться въ исправленіи, а я все надѣюсь, все стараюсь.\n\nУпрекаю себя 1) за лѣнь, 2) за двоякую нескромность, совершенно противуположную съ Адъ[ютантами] Ф[ельдмаршала] и съ Тышкевичемъ.','\n',char(10)),'1854-07-25 00:00:00',2,NULL,NULL,0,0);
INSERT INTO posts_post VALUES(32,'[Бузео.] Опять переходъ — до Бузео. Баши-бузуки — какъ нарочно, согласились быть особенно милыми, но во мнѣ было слишкомъ много жолчи. Я дичился. И опять оскорбилъ Тышкевича. — Вообще рѣдко помню, чтобы я, во всѣхъ отношеніяхъ, былъ въ такомъ ужасномъ положеніи, какъ теперь. Болѣнъ, раздраженъ, совершенно одинокъ, — я всѣмъ съумѣлъ опротивѣть, — въ самомъ нерѣшительномъ и дурномъ служебномъ положеніи и безъ денегъ. — Нужно выйдти изъ этаго положенія. — Лечиться пристальнѣе, перетерпѣть непріятность новаго сближенія съ товарищами. Объясниться о службѣ съ Генераломъ или Крыжановскимъ и достать денегъ. Упрекаю 1) за лѣнь, 2) за нескромность съ Сухтеленомъ и съ Тышкевичемъ и 3) за необдуманность, недовольство и нерѣшительность къ исправленію своего положенія. ————————— (4)','1854-07-26 00:00:00',2,NULL,NULL,0,0);
INSERT INTO posts_post VALUES(33,replace('Цѣлый день пробылъ на мѣстѣ, ни съ кѣмъ не видѣлся, кромѣ Тишкевича и Адъютантовъ, которые всѣ, какъ мнѣ кажется, дичатся меня, какъ disgracié.\n\nСмѣшно! Я доволенъ своимъ днемъ, ежели бы не лѣнь и не 2 дѣвки у хозяйки, которымъ я не могъ рѣшиться слова сказать и два часа ходилъ около дома. Кое какія мысли приходили въ голову, но я чувствую, какъ память притупляется, любовь и уваженіе и довѣріе къ уму исчезаютъ и я падаю въ мірѣ идеальномъ, не подвигаясь вслѣдствіе этого — какъ бы это должно было быть — въ мірѣ практическом. Именно одна изъ мыслей, по случаю которой мнѣ пришло въ голову это разсужденіе, было то, что — снискивать любовь ближняго напрасно. У Дик[енса] стоитъ наравнѣ съ другими правилами; это не можетъ быть правиломъ основнымъ, потому что оно сложно и состоитъ изъ многихъ. — А впрочемъ, несмотря на это, оно понятнѣе, всегда памятнѣе и какъ то ближе сердцу, чѣмъ другія правила основныя, какъ быть скромнымъ, довольнымъ, чистосердечнымъ.\n\nУпрекаю себя нынче 1) за праздность; потому что нынѣшній день, сколько бы я не старался оправдать себя, одинъ изъ тѣхъ, въ которыхъ, я долженъ признаться, я ровно ничего не сдѣлалъ. — Не оставилъ по себѣ никакого слѣда, и 2) за ребяческую нерѣшительность съ дѣвками. —————— (2)','\n',char(10)),'1854-07-27 00:00:00',2,NULL,NULL,0,0);
INSERT INTO posts_post VALUES(34,'Пишу въ самомъ пріятномъ веселомъ расположеніи духа, въ которомъ я провелъ весь вечеръ. Утро читалъ, объѣдался грушами и вмѣсто обѣда ѣлъ сыръ. Несмотря на кутежи у Сталыпина и Сержпутовскаго по случаю полученія наградъ, не завидовалъ, а провелъ день весело. Вечеромъ хватилъ босонож[ку] и выпилъ бокала два шампанскаго съ Шварц[емъ], Вейлеровскимъ [?] и Гембичомъ, потомъ болталъ съ Шубинымъ и съ Сашей Горчаковымъ. — Исключая праздности, днемъ своимъ очень доволенъ. (1)','1854-07-28 00:00:00',2,NULL,NULL,0,0);
INSERT INTO posts_post VALUES(35,replace('Исправленіе мое идетъ прекрасно. Я чувствую, какъ отношенія мои становятся пріятны и легки съ людьми всякаго рода, съ тѣхъ поръ какъ я рѣшился быть скромнымъ и убѣдился въ томъ, что казаться всегда величественнымъ и непогрѣшнымъ вовсе не есть необходимость. Я очень веселъ. И дай Богъ, какъ мнѣ кажется, — чтобы веселье это происходило отъ самаго меня; отъ желаній всѣмъ быть пріятнымъ, скромности, необидчивости и внимательности за вспышками. — Тогда бы я всегда былъ веселъ и почти всегда счастливъ. Утромъ рѣшилъ было сидѣть дома, позаниматься, но дѣло не пошло и не утерпѣлъ вечеромъ, чтобы не пойдти пошляться.\n\nИдя отъ ужина, мы съ Тишк[евичемъ] остановились у бардели и насъ накрылъ Крыжановскій, что, признаюсь, было мнѣ не совсѣмъ пріятно. Упрекаю себя за безхарактерность, что не высидѣлъ дома, и зa праздность цѣлаго дня. Это главный пунктъ. (2)','\n',char(10)),'1854-07-29 00:00:00',2,NULL,NULL,0,0);
INSERT INTO posts_post VALUES(36,'[Рымник.] Сдѣлалъ верхомъ переходъ до Рымника. [[5]] Старикъ все не кланяется мнѣ. Обѣ вещи эти злятъ меня. Съ встрѣчавшимися баши-бузуками велъ себя хорошо. Объяснился съ Крыжановскимъ. Онъ, не знаю зачѣмъ, совѣтуетъ мнѣ прикомандироваться къ казачьей батареѣ; совѣтъ, которому я не послѣдую. Желчно спорилъ вечеромъ съ Фриде и Бабарыкинымъ, ругалъ Сержпутовскому и ничего не сдѣлалъ, вотъ 3 упрека, которыя дѣлаю себѣ за нынѣшній день. (3)','1854-07-30 00:00:00',2,NULL,NULL,0,0);
INSERT INTO posts_post VALUES(37,'[Фокшаны.] Еще переходъ до Фокшанъ, во время котораго я ѣхалъ съ Монго. Человѣкъ пустой, но съ твердыми, хотя и ложными убѣжденіями. Генерал[у] по этому должно быть случаю, угодно было спрашивать о моемъ здоровьи. Свинья! К[о]вырялъ носъ и ничего не написалъ — вотъ 2 упрека за нын[ѣшній] день. Послѣдній упрекъ становится слишкомъ частъ, хотя походъ и можетъ служить въ немъ отчасти извиненіемъ. Отношенія мои съ товарищами становятся такъ пріятны, что мнѣ жалко бросить штабъ. Здоровье кажется (2) лучше. ','1854-07-31 00:00:00',2,NULL,NULL,0,0);
INSERT INTO posts_post VALUES(38,'post1','2020-02-26 14:19:56.785642',2,1,NULL,0,0);
INSERT INTO posts_post VALUES(40,'Oops, I did it again!','2020-03-02 18:02:28.880544',3,NULL,NULL,0,0);
INSERT INTO posts_post VALUES(41,'Утромъ гольдъ Дерсу Узала на повторно заданный вопросъ согласенъ ли онъ поступить проводникомъ изъявилъ свое согласіе и съ этого момента онъ сталъ членом экспедиціи','2020-03-02 18:02:40.570478',3,NULL,NULL,0,0);
INSERT INTO posts_post VALUES(42,'Oops, I did it again!','2020-03-02 18:17:06.334335',3,NULL,NULL,0,0);
INSERT INTO posts_post VALUES(43,'Утромъ гольдъ Дерсу Узала на повторно заданный вопросъ согласенъ ли онъ поступить проводникомъ изъявилъ свое согласіе и съ этого момента онъ сталъ членом экспедиціи','2020-03-02 18:17:13.630587',3,NULL,NULL,0,0);
INSERT INTO posts_post VALUES(44,'Нормальный пост 1','2020-03-13 05:20:56.873042',7,1,'posts/hq-13-672x420.jpg',0,0);
INSERT INTO posts_post VALUES(45,replace(replace('редакция 10!!\r\nВ случае если распространение нового коронавируса приведет к глобальному финансовому кризису, его очагом станет банковский сектор Италии. К такому выводу пришел экономический обозреватель газеты Washington Post Дэвид.','\r',char(13)),'\n',char(10)),'2020-03-13 05:21:28.582747',7,1,'posts/hq-36-768x432_1.jpg',0,0);
INSERT INTO posts_post VALUES(46,replace(replace('Упал на Храм случайный луч,\r\nИ точно чистые мечты,\r\nНа фоне мрачных синих туч,\r\nСверкнули звёздами кресты.','\r',char(13)),'\n',char(10)),'2020-03-13 05:28:57.062837',7,NULL,NULL,0,0);
INSERT INTO posts_post VALUES(47,replace(replace('Упал на Храм случайный луч,\r\nИ точно чистые мечты,\r\nНа фоне мрачных синих туч,\r\nСверкнули звёздами кресты.','\r',char(13)),'\n',char(10)),'2020-03-13 05:29:07.602630',7,1,NULL,0,0);
INSERT INTO posts_post VALUES(48,'О, Боже, в самый мрачный час, Пускай звездой твой светит крест, Дай знак, что не оставишь нас, ...И','2020-03-13 06:41:17.554639',7,NULL,NULL,0,0);
INSERT INTO posts_post VALUES(49,replace(replace('Приходи ко мне, когда я сплю,\r\nПоправляй одьяло осторожно,\r\nНаяву я не сказал «люблю»,\r\nА во сне без слов признаться можно.\r\nТы - неяркий чуть заметный свет,\r\nВ полуночном мареве разлитый,\r\nЯ проснусь, тебя как будто нет,\r\nВ пустоту мои глаза открыты.\r\nТак зачем, вернее для чего,\r\nТы сияньем легким сердце метишь,\r\nКаждым вздохом и касаньем светишь,\r\nА в ответ не просишь ничего?','\r',char(13)),'\n',char(10)),'2020-03-13 08:02:16.433809',3,2,NULL,0,0);
INSERT INTO posts_post VALUES(50,replace(replace('Нет времени задуматься, вздохнуть,\r\nХоть ненадолго, но остановиться,\r\nОн не из тех, кто в зеркало глядится\r\nИ верит в духов и ночную жуть.\r\nНабросив быстро на ходу пальто,\r\nОн за порог уверенно выходит,\r\nОтвет на всё он без труда находит,\r\nНет времени три года ни на что,\r\nНе может спорить, ссориться стареть\r\nИ завести собаку или кошку,\r\nС такою спешкой даже умереть\r\nИ то непозволительная роскошь.\r\nНапрасно ждёт, когда погаснет свет,\r\nИ он во тьме забудется немного…\r\nВедь там, где не кончается дорога,\r\nНет времени… и ожиданья нет','\r',char(13)),'\n',char(10)),'2020-03-13 08:02:52.328603',7,2,NULL,0,0);
INSERT INTO posts_post VALUES(51,replace(replace('А ветер задует в конурьи щели\r\nИ выгонит Альму на снег и лёд.\r\nПотянется Альма и пасть ощерит,\r\nИ рыкнет, и судорожно зевнёт.','\r',char(13)),'\n',char(10)),'2020-03-13 13:04:26.073368',7,NULL,NULL,0,0);
INSERT INTO posts_post VALUES(52,replace(replace('Пока еще летят скворцы,\r\nКоты уж прилетели!\r\nПовыше заняли посты,\r\nИ песенку запели\r\nА в песне той\r\nПрипев простой:\r\n«Давно мы ждем\r\nСкворцов домой!»\r\nКоты конечно хитрецы\r\nНу, что с них можно взять\r\nОни готовы день и ночь\r\nСкворечник охранять!','\r',char(13)),'\n',char(10)),'2020-03-15 06:18:03.987702',7,2,NULL,0,0);
INSERT INTO posts_post VALUES(53,replace(replace('Начинаю новую тетрадь дневника, послѣ почти мѣсячнаго промежутка, во время котораго я такъ много переиспыталъ, перечувствовалъ, что мнѣ не было времени думать и еще меньше записывать. — Съ Кавказа я пріѣхалъ въ Тулу, видѣлъ тетокъ, сестру, Валерьяна и узналъ о своемъ производствѣ. Всѣ 3 брата и Перфильевы пріѣхали ко мнѣ и увезли меня въ Москву. Изъ Москвы я проѣхалъ въ Покровское, тамъ простился съ т[етушкой] П[елагеей] И[льиничной], В[алерьяномъ], съ Машей и Сережей. Эти 2 прощанья — особенно послѣднее — были одни изъ счастливѣйшихъ минутъ въ моей жизни. Оттуда поѣхалъ къ Митинькѣ, который почти по моему совѣту бросилъ Москву, — и черезъ Полтаву, Кишиневъ и т. д. 3-го дня пріѣхалъ въ Букарестъ. Я былъ счастливъ все это время!\r\n\r\nСлужебное положеніе мое здѣсь неопредѣленно и я уже съ недѣлю снова сомнительно болѣнъ. — Неужели снова начнется для меня пора испытаній?!\r\n\r\nВпрочемъ я самъ виноватъ, счастіе избаловало меня: я опустился и во многомъ имѣю упрекнуть себя со дня выѣзда моего изъ Курска и до сей минуты. — Грустно убѣдиться, что я не умѣлъ переносить счастія также, какъ и не умѣлъ переносить несчастія. Нынче пойду къ командиру Дивизіи въ корпусной Штабъ, сдѣлаю кой какія покупки, погуляю, и прійду домой писать письма и обѣдать. Послѣ обѣда займусь чѣмъ нибудь и передъ вечеромъ поѣду въ баню. Вечеръ просижу дома и займусь Отрочествомъ.','\r',char(13)),'\n',char(10)),'2020-03-21 14:31:52.684742',7,NULL,NULL,0,0);
INSERT INTO posts_post VALUES(54,replace(replace('новую тетрадь дневника, послѣ почти мѣсячнаго промежутка, во время котораго я такъ много переиспыталъ, перечувствовалъ, что мнѣ не было времени думать и еще меньше записывать. — Съ Кавказа я пріѣхалъ въ Тулу, видѣлъ тетокъ, сестру, Валерьяна и узналъ о своемъ производствѣ. Всѣ 3 брата и Перфильевы пріѣхали ко мнѣ и увезли меня въ Москву. Изъ Москвы я проѣхалъ въ Покровское, тамъ простился съ т[етушкой] П[елагеей] И[льиничной], В[алерьяномъ], съ Машей и Сережей. Эти 2 прощанья — особенно послѣднее — были одни изъ счастливѣйшихъ минутъ въ моей жизни. Оттуда поѣхалъ къ Митинькѣ, который почти по моему совѣту бросилъ Москву, — и черезъ Полтаву, Кишиневъ и т. д. 3-го дня пріѣхалъ въ Букарестъ. Я былъ счастливъ все это время!\r\n\r\nСлужебное положеніе мое здѣсь неопредѣленно и я уже съ недѣлю снова сомнительно болѣнъ. — Неужели снова начнется для меня пора испытаній?!\r\n\r\nВпрочемъ я самъ виноватъ, счастіе избаловало меня: я опустился и во многомъ имѣю упрекнуть себя со дня выѣзда моего изъ Курска и до сей минуты. — Грустно убѣдиться, что я не умѣлъ переносить счастія также, какъ и не умѣлъ переносить несчастія. Нынче пойду къ командиру Дивизіи въ корпусной Штабъ, сдѣлаю кой какія покупки, погуляю, и прійду домой писать письма и обѣдать. Послѣ обѣда займусь чѣмъ нибудь и передъ вечеромъ поѣду въ баню. Вечеръ просижу дома и займусь Отрочествомъ.','\r',char(13)),'\n',char(10)),'2020-03-21 14:33:01.104332',7,NULL,NULL,0,0);
INSERT INTO posts_post VALUES(55,replace(replace('новую тетрадь дневника, послѣ почти мѣсячнаго промежутка, во время котораго я такъ много переиспыталъ, перечувствовалъ, что мнѣ не было времени думать и еще меньше записывать. — Съ Кавказа я пріѣхалъ въ Тулу, видѣлъ тетокъ, сестру, Валерьяна и узналъ о своемъ производствѣ. Всѣ 3 брата и Перфильевы пріѣхали ко мнѣ и увезли меня въ Москву. Изъ Москвы я проѣхалъ въ Покровское, тамъ простился съ т[етушкой] П[елагеей] И[льиничной], В[алерьяномъ], съ Машей и Сережей. Эти 2 прощанья — особенно послѣднее — были одни изъ счастливѣйшихъ минутъ въ моей жизни. Оттуда поѣхалъ къ Митинькѣ, который почти по моему совѣту бросилъ Москву, — и черезъ Полтаву, Кишиневъ и т. д. 3-го дня пріѣхалъ въ Букарестъ. Я былъ счастливъ все это время!\r\n\r\nСлужебное положеніе мое здѣсь неопредѣленно и я уже съ недѣлю снова сомнительно болѣнъ. — Неужели снова начнется для меня пора испытаній?!\r\n\r\nВпрочемъ я самъ виноватъ, счастіе избаловало меня: я опустился и во многомъ имѣю упрекнуть себя со дня выѣзда моего изъ Курска и до сей минуты. — Грустно убѣдиться, что я не умѣлъ переносить счастія также, какъ и не умѣлъ переносить несчастія. Нынче пойду къ командиру Дивизіи въ корпусной Штабъ, сдѣлаю кой какія покупки, погуляю, и прійду домой писать письма и обѣдать. Послѣ обѣда займусь чѣмъ нибудь и передъ вечеромъ поѣду въ баню. Вечеръ просижу дома и займусь Отрочествомъ.','\r',char(13)),'\n',char(10)),'2020-03-21 15:19:16.279610',7,NULL,NULL,0,0);
INSERT INTO posts_post VALUES(56,replace(replace('РЕДАКЦИЯ!!\r\nУпал на Храм случайный луч,\r\nИ точно чистые мечты,\r\nНа фоне мрачных синих туч,\r\nСверкнули звёздами кресты.','\r',char(13)),'\n',char(10)),'2020-03-22 07:32:10.262228',7,NULL,NULL,0,0);
INSERT INTO posts_post VALUES(57,'РЕДАКЦИЯ!!!!!В случае если распространение нового коронавируса приведет к глобальному финансовому кризису, его очагом станет банковский сектор Италии. К такому выводу пришел экономический обозреватель газеты Washington Post Дэвид Линч.','2020-03-22 17:31:04.355379',7,1,NULL,0,0);
INSERT INTO posts_post VALUES(58,replace(replace('редакция 2 \r\nВ случае если распространение нового коронавируса приведет к глобальному финансовому кризису, его очагом станет банковский сектор Италии. К такому выводу пришел экономический обозреватель газеты Washington Post Дэвид Линч.','\r',char(13)),'\n',char(10)),'2020-03-22 17:44:34.708601',7,1,NULL,0,0);
INSERT INTO posts_post VALUES(59,replace(replace('РЕДАКЦИЯ №3\r\nВ случае если распространение нового коронавируса приведет к глобальному финансовому кризису, его очагом станет банковский сектор Италии. К такому выводу пришел экономический обозреватель газеты Washington Post Дэвид Линч.','\r',char(13)),'\n',char(10)),'2020-03-22 17:48:42.739542',7,1,NULL,0,0);
INSERT INTO posts_post VALUES(60,replace(replace('Редакция 4\r\nВ случае если распространение нового коронавируса приведет к глобальному финансовому кризису, его очагом станет банковский сектор Италии. К такому выводу пришел экономический обозреватель газеты Washington Post Дэвид Линч.','\r',char(13)),'\n',char(10)),'2020-03-22 18:01:16.675373',7,1,NULL,0,0);
INSERT INTO posts_post VALUES(61,replace(replace('Редакция 5!!!\r\nВ случае если распространение нового коронавируса приведет к глобальному финансовому кризису, его очагом станет банковский сектор Италии. К такому выводу пришел экономический обозреватель газеты Washington Post Дэвид Линч.','\r',char(13)),'\n',char(10)),'2020-03-22 18:13:07.122367',7,1,NULL,0,0);
INSERT INTO posts_post VALUES(62,replace(replace('В августе, около Малых Вежей,\r\nС старым Мазаем я бил дупелей.\r\nКак-то особенно тихо вдруг стало,\r\nНа́ небе солнце сквозь тучу играло.\r\nТучка была небольшая на нем,\r\nА разразилась жестоким дождем!','\r',char(13)),'\n',char(10)),'2020-03-22 18:17:17.094959',7,2,NULL,0,0);
INSERT INTO posts_post VALUES(63,replace(replace('Редакция 6!!!!\r\nВ случае если распространение нового коронавируса приведет к глобальному финансовому кризису, его очагом станет банковский сектор Италии. К такому выводу пришел экономический обозреватель газеты Washington Post Дэвид Линч.','\r',char(13)),'\n',char(10)),'2020-03-22 18:19:16.232404',7,1,NULL,0,0);
INSERT INTO posts_post VALUES(64,replace(replace('редакция 7\r\nВ случае если распространение нового коронавируса приведет к глобальному финансовому кризису, его очагом станет банковский сектор Италии. К такому выводу пришел экономический обозреватель газеты Washington Post Дэвид Линч.','\r',char(13)),'\n',char(10)),'2020-03-22 18:21:45.085717',7,1,NULL,0,0);
INSERT INTO posts_post VALUES(65,replace(replace('редакция 8!!!!\r\nВ случае если распространение нового коронавируса приведет к глобальному финансовому кризису, его очагом станет банковский сектор Италии. К такому выводу пришел экономический обозреватель газеты Washington Post Дэвид Линч.','\r',char(13)),'\n',char(10)),'2020-03-22 18:26:46.509893',7,1,NULL,0,0);
INSERT INTO posts_post VALUES(66,replace(replace('Редакция 1\r\n\r\n#text = forms.CharField(max_length=100)','\r',char(13)),'\n',char(10)),'2020-03-22 18:27:13.445621',7,1,NULL,0,0);
INSERT INTO posts_post VALUES(67,replace(replace('редакция 2\r\n#text = forms.CharField(max_length=100)','\r',char(13)),'\n',char(10)),'2020-03-22 18:30:42.673990',7,1,NULL,0,0);
INSERT INTO posts_post VALUES(68,replace(replace('редакция 3\r\n#text = forms.CharField(max_length=100)','\r',char(13)),'\n',char(10)),'2020-03-22 18:37:25.243918',7,1,NULL,0,0);
INSERT INTO posts_post VALUES(69,replace(replace('Прямы и светлы, как прутья стальные,\r\nВ землю вонзались струи дождевые\r\nС силой стремительной… Я и Мазай,\r\nМокрые, скрылись в какой-то сарай.\r\nДети, я вам расскажу про Мазая.\r\nКаждое лето домой приезжая,\r\nЯ по неделе гощу у него.\r\nНравится мне деревенька его:\r\nЛетом ее убирая красиво,','\r',char(13)),'\n',char(10)),'2020-03-22 18:44:50.938311',7,2,NULL,0,0);
INSERT INTO posts_post VALUES(70,replace(replace('Исстари хмель в ней родится на диво,\r\nВся она тонет в зеленых садах;\r\nДомики в ней на высоких столбах\r\n(Всю эту местность вода понимает,\r\nТак что деревня весною всплывает,\r\nСловно Венеция). Старый Мазай\r\nЛюбит до страсти свой низменный край.\r\nВдов он, бездетен, имеет лишь внука,','\r',char(13)),'\n',char(10)),'2020-03-22 18:48:50.112000',7,2,NULL,0,0);
INSERT INTO posts_post VALUES(71,replace(replace('Сжигаем зиму, ждем весну ли\r\nЗа шторкой век -\r\nКорова языком слизнула\r\nПоследний снег.','\r',char(13)),'\n',char(10)),'2020-03-22 19:05:24.586006',7,2,NULL,0,0);
INSERT INTO posts_post VALUES(73,'Нормальный пост редакция 2','2020-03-27 18:06:22.553743',7,1,NULL,0,0);
INSERT INTO posts_post VALUES(74,replace(replace('редакция 10!!\r\nВ случае если распространение нового коронавируса приведет к глобальному финансовому кризису, его очагом станет банковский сектор Италии. К такому выводу пришел экономический обозреватель газеты Washington Post Дэвид.','\r',char(13)),'\n',char(10)),'2020-03-28 10:22:11.339395',7,1,'posts/hq-36-768x432.jpg',0,0);
INSERT INTO posts_post VALUES(77,'Этот пост с картинкой','2020-03-31 14:44:13.990252',7,1,'posts/hq-13-672x420_CxXdhse.jpg',0,1);
INSERT INTO posts_post VALUES(78,'Это пост от ТОма','2020-04-01 05:26:12.114933',5,1,'',0,1);
INSERT INTO posts_post VALUES(80,'Правительство утвердило максимальный размер потребительских кредитов, по которым заемщики, пострадавшие от последствий пандемии коронавируса, имеют право обратиться за кредитными каникулами.','2020-04-06 07:57:23.695831',8,1,'posts/d5486c0d2c17e79b6267aca3206a89cb.jpg',0,0);
INSERT INTO posts_post VALUES(81,replace(replace('В Самарской области пилотный проект «умные дороги» запустят до 31 мая\r\nВнедрении новой технологии — «умные дороги» — в Самарской области произойдет до 31 мая текущего года, пишет tass.ru со ссылкой на официального представителя НП «ГЛОНАСС» Ярослава Федосеева.','\r',char(13)),'\n',char(10)),'2020-04-07 07:52:47.801326',8,NULL,'',0,1);
INSERT INTO posts_post VALUES(82,'В пятницу, 3 апреля, губернатор региона Дмитрий Азаров провел встречу с представителями самарских IT-компаний в формате видеоконференцсвязи. Онлайн обсуждались вопросы сотрудничества бизнеса и власти в борьбе против распространения инфекции коронавируса. Всего в совещании участвовало более 30 руководителей IT-компаний региона.','2020-04-07 08:09:40.011301',8,1,'posts/841c4f28-aafc-4d9d-8f6c-01714ffe914a.jpg',1,2);
INSERT INTO posts_post VALUES(83,'Веб-разработчик разрабатывает сайт на языках HTML, CSS и JavaScript. Создаёт интерфейсы с помощью библиотеки React. Настраивает Git, чтобы работать в команде, и Webpack, чтобы собирать файлы проекта автоматически. Веб-разработчик разбирается и в устройстве сервера: может настроить Nginx и запрограммировать сервер на Node.js.','2020-04-07 17:21:18.317859',10,NULL,'',1,1);
INSERT INTO posts_post VALUES(84,replace(replace('Эта история произошла в самом конце 90-х годов. Одно государство сломали, другое еще не построили. Ломка сознания происходила с трудом. Фабрики и заводы закрывались, Выплату зарплаты задерживали по нескольку месяцев, а если и платили, то по 20 % от положенного.\r\n\r\nНо люди продолжали работать и надеялись на лучшее. И верили в то, что все наладится. Как сводили концы с концами сейчас уже никто и не помнит. Но у каждого из этого времени есть своя, запомнившаяся ему история.','\r',char(13)),'\n',char(10)),'2020-04-08 15:37:43.728461',7,NULL,'posts/1534402487-stolica-s-su-lajk.jpg',2,7);
INSERT INTO posts_post VALUES(85,'Привет, Серега! Ты большой молодец! Классную прогу написал 🤓','2020-04-13 17:16:47.920063',13,3,'',0,4);
INSERT INTO posts_post VALUES(86,'С прошедшим Новым Годом товарищи!!!!','2020-04-13 18:09:49.985082',14,3,'posts/IMG_20200104_102819.jpg',2,8);
INSERT INTO posts_post VALUES(87,'Главное - не останавливаться!))','2020-04-13 18:16:51.731930',15,3,'',0,1);
INSERT INTO posts_post VALUES(88,'Сергей, успехов тебе! Я точно знаю у тебя всё получится, потому что ты целеустремлённый и позитивный! Двигайся вперёд, а мы тебе в этом поможем!!!','2020-04-13 18:17:08.108386',14,3,'posts/8rqkn7oN8ms.jpg',0,32);
CREATE TABLE IF NOT EXISTS "authtoken_token" ("key" varchar(40) NOT NULL PRIMARY KEY, "created" datetime NOT NULL, "user_id" integer NOT NULL UNIQUE REFERENCES "auth_user" ("id") DEFERRABLE INITIALLY DEFERRED);
DELETE FROM sqlite_sequence;
INSERT INTO sqlite_sequence VALUES('django_migrations',36);
INSERT INTO sqlite_sequence VALUES('django_content_type',15);
INSERT INTO sqlite_sequence VALUES('auth_permission',60);
INSERT INTO sqlite_sequence VALUES('auth_user',16);
INSERT INTO sqlite_sequence VALUES('auth_group',1);
INSERT INTO sqlite_sequence VALUES('group_group',3);
INSERT INTO sqlite_sequence VALUES('django_admin_log',28);
INSERT INTO sqlite_sequence VALUES('django_site',1);
INSERT INTO sqlite_sequence VALUES('django_flatpage',3);
INSERT INTO sqlite_sequence VALUES('django_flatpage_sites',3);
INSERT INTO sqlite_sequence VALUES('posts_follow',126);
INSERT INTO sqlite_sequence VALUES('posts_comment',11);
INSERT INTO sqlite_sequence VALUES('posts_post',88);
CREATE UNIQUE INDEX "auth_group_permissions_group_id_permission_id_0cd325b0_uniq" ON "auth_group_permissions" ("group_id", "permission_id");
CREATE INDEX "auth_group_permissions_group_id_b120cbf9" ON "auth_group_permissions" ("group_id");
CREATE INDEX "auth_group_permissions_permission_id_84c5c92e" ON "auth_group_permissions" ("permission_id");
CREATE UNIQUE INDEX "auth_user_groups_user_id_group_id_94350c0c_uniq" ON "auth_user_groups" ("user_id", "group_id");
CREATE INDEX "auth_user_groups_user_id_6a12ed8b" ON "auth_user_groups" ("user_id");
CREATE INDEX "auth_user_groups_group_id_97559544" ON "auth_user_groups" ("group_id");
CREATE UNIQUE INDEX "auth_user_user_permissions_user_id_permission_id_14a6b632_uniq" ON "auth_user_user_permissions" ("user_id", "permission_id");
CREATE INDEX "auth_user_user_permissions_user_id_a95ead1b" ON "auth_user_user_permissions" ("user_id");
CREATE INDEX "auth_user_user_permissions_permission_id_1fbb5f2c" ON "auth_user_user_permissions" ("permission_id");
CREATE UNIQUE INDEX "django_content_type_app_label_model_76bd3d3b_uniq" ON "django_content_type" ("app_label", "model");
CREATE UNIQUE INDEX "auth_permission_content_type_id_codename_01ab375a_uniq" ON "auth_permission" ("content_type_id", "codename");
CREATE INDEX "auth_permission_content_type_id_2f476e4b" ON "auth_permission" ("content_type_id");
CREATE INDEX "django_session_expire_date_a5c62663" ON "django_session" ("expire_date");
CREATE INDEX "django_admin_log_content_type_id_c4bce8eb" ON "django_admin_log" ("content_type_id");
CREATE INDEX "django_admin_log_user_id_c564eba6" ON "django_admin_log" ("user_id");
CREATE INDEX "django_flatpage_url_41612362" ON "django_flatpage" ("url");
CREATE UNIQUE INDEX "django_flatpage_sites_flatpage_id_site_id_0d29d9d1_uniq" ON "django_flatpage_sites" ("flatpage_id", "site_id");
CREATE INDEX "django_flatpage_sites_flatpage_id_078bbc8b" ON "django_flatpage_sites" ("flatpage_id");
CREATE INDEX "django_flatpage_sites_site_id_bfd8ea84" ON "django_flatpage_sites" ("site_id");
CREATE INDEX "posts_follow_author_id_07282e68" ON "posts_follow" ("author_id");
CREATE INDEX "posts_follow_user_id_0b8e2703" ON "posts_follow" ("user_id");
CREATE INDEX "posts_comment_author_id_795e4d12" ON "posts_comment" ("author_id");
CREATE INDEX "posts_comment_post_id_e81436d7" ON "posts_comment" ("post_id");
CREATE INDEX "posts_post_author_id_fe5487bf" ON "posts_post" ("author_id");
CREATE INDEX "posts_post_group_id_c91a8485" ON "posts_post" ("group_id");
COMMIT;
